cell_id,retained,detected_genes_before_filter
AAACATACAACCAC-1,True,781
AAACATTGAGCTAC-1,True,1352
AAACATTGATCAGC-1,True,1131
AAACCGTGCTTCCG-1,True,960
AAACCGTGTATGCG-1,True,522
AAACGCACTGGTAC-1,True,782
AAACGCTGACCAGT-1,True,783
AAACGCTGGTTCTT-1,True,790
AAACGCTGTAGCCA-1,True,533
AAACGCTGTTTCTG-1,True,550
AAACTTGAAAAACG-1,True,1116
AAACTTGATCCAGA-1,True,751
AAAGAGACGAGATA-1,True,866
AAAGAGACGCGAGA-1,True,1059
AAAGAGACGGACTT-1,True,458
AAAGAGACGGCATT-1,True,335
AAAGATCTGGGCAA-1,True,552
AAAGCAGAAGCCAT-1,True,567
AAAGCAGATATCGG-1,True,1424
AAAGCCTGTATGCG-1,True,1014
AAAGGCCTGTCTAG-1,True,1446
AAAGTTTGATCACG-1,True,446
AAAGTTTGGGGTGA-1,True,1020
AAAGTTTGTAGAGA-1,True,417
AAAGTTTGTAGCGT-1,True,878
AAATCAACAATGCC-1,True,789
AAATCAACACCAGT-1,True,510
AAATCAACCAGGAG-1,True,824
AAATCAACCCTATT-1,True,1545
AAATCAACGGAAGC-1,True,996
AAATCAACTCGCAA-1,True,937
AAATCATGACCACA-1,True,1368
AAATCCCTCCACAA-1,True,428
AAATCCCTGCTATG-1,True,406
AAATGTTGAACGAA-1,True,1020
AAATGTTGCCACAA-1,True,786
AAATGTTGTGGCAT-1,True,1019
AAATTCGAAGGTTC-1,True,750
AAATTCGAATCACG-1,True,822
AAATTCGAGCTGAT-1,True,982
AAATTCGAGGAGTG-1,True,876
AAATTCGATTCTCA-1,True,930
AAATTGACACGACT-1,True,838
AAATTGACTCGCTC-1,True,1014
AACAAACTCATTTC-1,True,732
AACAAACTTTCGTT-1,True,877
AACAATACGACGAG-1,True,782
AACACGTGCAGAGG-1,True,787
AACACGTGGAAAGT-1,True,791
AACACGTGGAACCT-1,True,880
AACACGTGGCTACA-1,True,801
AACACGTGTACGAC-1,True,1215
AACAGCACAAGAGT-1,True,343
AACATTGATGGGAG-1,True,1460
AACCAGTGATACCG-1,True,1250
AACCCAGATCGCTC-1,True,756
AACCGATGCTCCCA-1,True,836
AACCGATGGTCATG-1,True,824
AACCGATGTTCTAC-1,True,827
AACCGCCTAGCGTT-1,True,1238
AACCGCCTCTACGA-1,True,1243
AACCTACTGTGAGG-1,True,1652
AACCTACTGTGTTG-1,True,843
AACCTTACGAGACG-1,True,825
AACCTTACGCGAGA-1,True,656
AACCTTACTAACGC-1,True,776
AACCTTTGGACGGA-1,True,766
AACCTTTGTACGCA-1,True,1465
AACGCAACAAGTAG-1,True,790
AACGCATGACCCAA-1,True,871
AACGCATGCCTTCG-1,True,803
AACGCATGTACTTC-1,True,965
AACGCCCTCGGGAA-1,True,800
AACGCCCTCGTACA-1,True,876
AACGCCCTGCTTAG-1,True,420
AACGCCCTGGCATT-1,True,690
AACGTCGAGTATCG-1,True,988
AACGTGTGAAAGCA-1,True,906
AACGTGTGGCGGAA-1,True,741
AACGTGTGTCCAAG-1,True,620
AACGTGTGTGCTTT-1,True,867
AACTACCTTAGAGA-1,True,916
AACTCACTCAAGCT-1,True,969
AACTCACTTGGAGG-1,True,803
AACTCGGAAAGTGA-1,True,732
AACTCGGAAGGTCT-1,True,555
AACTCTTGCAGGAG-1,True,790
AACTGTCTCCCTTG-1,True,862
AACTTGCTACGCTA-1,True,900
AACTTGCTGGGACA-1,True,674
AAGAACGAGTGTTG-1,True,397
AAGAAGACGTAGGG-1,True,663
AAGACAGAAGTCTG-1,True,563
AAGACAGAGGATCT-1,True,786
AAGACAGATTACCT-1,True,859
AAGAGATGGGTAGG-1,True,568
AAGATGGAAAACAG-1,True,412
AAGATGGAGAACTC-1,True,1043
AAGATGGAGATAAG-1,True,1206
AAGATTACAACCTG-1,True,702
AAGATTACAGATCC-1,True,1263
AAGATTACCCGTTC-1,True,929
AAGATTACCGCCTT-1,True,1079
AAGATTACCTCAAG-1,True,938
AAGATTACTCCTCG-1,True,316
AAGCAAGAGCGAGA-1,True,900
AAGCAAGAGCTTAG-1,True,919
AAGCAAGAGGTGTT-1,True,862
AAGCACTGAGCAAA-1,True,903
AAGCACTGCATACG-1,True,390
AAGCACTGGTTCTT-1,True,1717
AAGCCAACGTGTTG-1,True,819
AAGCCATGAACTGC-1,True,1877
AAGCCATGACACGT-1,True,660
AAGCCATGCGTGAT-1,True,791
AAGCCATGTCTCGC-1,True,478
AAGCCTGACATGCA-1,True,769
AAGCCTGACCGAAT-1,True,481
AAGCGACTCCTCAC-1,True,819
AAGCGACTGTGTCA-1,True,866
AAGCGACTTACAGC-1,True,600
AAGCGACTTTGACG-1,True,1185
AAGCGTACGTCTTT-1,True,650
AAGGCTTGCGAACT-1,True,775
AAGGTCACGGTTAC-1,True,699
AAGGTCACTGTTTC-1,True,642
AAGGTCACTTCCCG-1,True,857
AAGGTCTGACAGTC-1,True,832
AAGGTCTGCAGATC-1,True,388
AAGGTCTGGTATGC-1,True,351
AAGTAACTCTGAAC-1,True,710
AAGTAACTGAGATA-1,True,341
AAGTAGGATACAGC-1,True,894
AAGTATACCGAACT-1,True,935
AAGTCCGACTTGTT-1,True,604
AAGTCCGATAGAAG-1,True,1008
AAGTCTCTAGTCGT-1,True,985
AAGTCTCTCGGAGA-1,True,679
AAGTGGCTTGGAGG-1,True,603
AAGTTCCTCATTCT-1,True,864
AAGTTCCTTCTTAC-1,True,1031
AATAAGCTCGAATC-1,True,887
AATAAGCTCGTTGA-1,True,603
AATACCCTGGACGA-1,True,610
AATACCCTGGCATT-1,True,1119
AATACTGAAAGGGC-1,True,669
AATACTGAATTGGC-1,True,794
AATAGGGAACCCTC-1,True,963
AATAGGGAGAATGA-1,True,756
AATCAAACTATCGG-1,True,637
AATCCGGAATGCTG-1,True,1032
AATCCTACCGGTAT-1,True,776
AATCCTTGACGGGA-1,True,860
AATCCTTGGTGAGG-1,True,825
AATCGGTGGAACTC-1,True,852
AATCGGTGTGCTTT-1,True,745
AATCTAGAAAAGTG-1,True,858
AATCTAGAATCGGT-1,True,925
AATCTCACAGCCTA-1,True,1228
AATCTCACTCTAGG-1,True,806
AATCTCTGAACAGA-1,True,715
AATCTCTGCTTTAC-1,True,668
AATGATACACCAAC-1,True,779
AATGATACGGTCAT-1,True,1197
AATGCGTGACACCA-1,True,888
AATGCGTGGACGGA-1,True,1273
AATGCGTGGCTATG-1,True,873
AATGGAGAATCGTG-1,True,847
AATGGAGATCCTTA-1,True,781
AATGGCTGACACCA-1,True,959
AATGGCTGCGTGAT-1,True,805
AATGGCTGTAAAGG-1,True,554
AATGGCTGTACTCT-1,True,604
AATGGCTGTGAAGA-1,True,785
AATGTAACGGTGGA-1,True,978
AATGTAACGTTTGG-1,True,537
AATGTCCTCTTCTA-1,True,910
AATGTTGACAGTCA-1,True,936
AATGTTGAGTTGAC-1,True,997
AATGTTGATCTACT-1,True,961
AATTACGAATTCCT-1,True,1314
AATTACGACTTCTA-1,True,799
AATTACGAGTAGCT-1,True,997
AATTACGAGTGAGG-1,True,1112
AATTACGATTGGCA-1,True,677
AATTCCTGCTCAGA-1,True,775
AATTGATGTCGCAA-1,True,1298
AATTGTGACTTGGA-1,True,657
ACAAAGGAGGGTGA-1,True,626
ACAAATTGATTCTC-1,True,1313
ACAAATTGCTCAGA-1,True,467
ACAAATTGTTGCGA-1,True,936
ACAACCGAGGGATG-1,True,977
ACAACCGAGTTACG-1,True,780
ACAAGAGAAGTCGT-1,True,1311
ACAAGAGACTTATC-1,True,432
ACAAGAGAGTTGAC-1,True,579
ACAATCCTAACCGT-1,True,850
ACAATCCTTAGCGT-1,True,736
ACAATTGACTGACA-1,True,800
ACAATTGATGACTG-1,True,892
ACACAGACACCTGA-1,True,299
ACACAGACCATACG-1,True,860
ACACCAGAGGGCAA-1,True,720
ACACCCTGGTGTTG-1,True,822
ACACGAACAGTTCG-1,True,681
ACACGATGACGCAT-1,True,954
ACACGATGATGTGC-1,True,889
ACACGATGTCGTAG-1,True,1265
ACACGATGTGGTCA-1,True,919
ACAGACACGGCATT-1,True,799
ACAGACACGTTGTG-1,True,833
ACAGCAACACCTAG-1,True,496
ACAGCAACCTCAAG-1,True,1476
ACAGGTACCCCACT-1,True,848
ACAGGTACGCTGTA-1,True,869
ACAGGTACTGGTGT-1,True,1059
ACAGTCGACCCAAA-1,True,490
ACAGTCGACCGATA-1,True,897
ACAGTGACTCACCC-1,True,832
ACAGTGACTCTATC-1,True,864
ACAGTGTGGTCACA-1,True,419
ACAGTGTGTTGCGA-1,True,856
ACATCACTCTACTT-1,True,907
ACATGGTGAAGCCT-1,True,791
ACATGGTGCAACCA-1,True,756
ACATGGTGCGAGTT-1,True,771
ACATGGTGCGTTGA-1,True,690
ACATTCTGGCATAC-1,True,957
ACATTCTGGGAACG-1,True,1190
ACCAACGACATGCA-1,True,680
ACCACAGAAAGTAG-1,True,524
ACCACAGAGTTGGT-1,True,908
ACCACCTGTGTGCA-1,True,506
ACCACGCTACAGCT-1,True,851
ACCACGCTACCCAA-1,True,775
ACCACGCTGCGAGA-1,True,793
ACCACGCTGCTGTA-1,True,748
ACCAGCCTGACAGG-1,True,951
ACCAGTGAACGGTT-1,True,643
ACCAGTGAATACCG-1,True,1277
ACCAGTGAGGGATG-1,True,828
ACCAGTGATGACTG-1,True,480
ACCATTACCTTCTA-1,True,969
ACCATTACGAGATA-1,True,1112
ACCATTTGTCATTC-1,True,648
ACCCAAGAACTGTG-1,True,805
ACCCAAGAATTCCT-1,True,1223
ACCCAAGAGGACAG-1,True,1023
ACCCAAGATTCACT-1,True,669
ACCCACTGCGCCTT-1,True,489
ACCCACTGGACAGG-1,True,390
ACCCACTGGTTCAG-1,True,350
ACCCACTGTCGTAG-1,True,1113
ACCCAGCTCAGAAA-1,True,837
ACCCAGCTGTTAGC-1,True,1547
ACCCAGCTTGCTTT-1,True,840
ACCCGTTGATGACC-1,True,581
ACCCGTTGCTGCAA-1,True,748
ACCCGTTGCTTCTA-1,True,1861
ACCCTCGACCTATT-1,True,735
ACCCTCGACGGTAT-1,True,488
ACCCTCGATAAGGA-1,True,1016
ACCCTCGATCAAGC-1,True,585
ACCGTGCTACCAGT-1,True,797
ACCGTGCTGGAACG-1,True,769
ACCTATTGCTGAGT-1,True,490
ACCTATTGTGCCCT-1,True,1307
ACCTCCGAGTCCTC-1,True,895
ACCTCCGATATGCG-1,True,686
ACCTCCGATGCTGA-1,True,602
ACCTCGTGAACCAC-1,True,772
ACCTGAGATATCGG-1,True,704
ACCTGGCTAAGTAG-1,True,892
ACCTGGCTGTCTTT-1,True,446
ACCTTTGACTCCCA-1,True,1169
ACCTTTGAGGAACG-1,True,1375
ACCTTTGAGGAAGC-1,True,1189
ACGAACACCTTGTT-1,True,892
ACGAACTGGCTATG-1,True,2455
ACGAAGCTCTCCAC-1,True,355
ACGAAGCTCTGAGT-1,True,1856
ACGACCCTATCTCT-1,True,1317
ACGACCCTGATGAA-1,True,703
ACGACCCTTGACAC-1,True,825
ACGACCCTTGACCA-1,True,736
ACGAGGGACAGGAG-1,True,1997
ACGAGGGACGAACT-1,True,892
ACGAGGGATGTAGC-1,True,1034
ACGAGTACCCTAAG-1,True,545
ACGAGTACGAATCC-1,True,1188
ACGATCGAGGACTT-1,True,659
ACGATCGAGTCACA-1,True,1056
ACGATGACAATGCC-1,True,819
ACGATGACTGGTCA-1,True,979
ACGATTCTACGGGA-1,True,632
ACGCAATGGTTCAG-1,True,598
ACGCACCTGTTAGC-1,True,690
ACGCCACTGAACTC-1,True,310
ACGCCGGAAACCAC-1,True,803
ACGCCGGAAAGCCT-1,True,743
ACGCCGGAAATGCC-1,True,560
ACGCCTTGCTCCCA-1,True,1073
ACGCGGTGGCGAGA-1,True,844
ACGCGGTGTGTGGT-1,True,882
ACGCGGTGTTTGCT-1,True,841
ACGCTCACAGTACC-1,True,815
ACGCTCACCCTTGC-1,True,771
ACGCTGCTGTTCTT-1,True,976
ACGGAACTCAGATC-1,True,986
ACGGAACTGTCGTA-1,True,820
ACGGAGGACTCTTA-1,True,957
ACGGATTGGGAGGT-1,True,640
ACGGATTGGTTAGC-1,True,1012
ACGGCTCTGAGCAG-1,True,927
ACGGCTCTTGCACA-1,True,794
ACGGTAACCGCTAA-1,True,753
ACGGTAACCTTCGC-1,True,791
ACGGTAACGGTGGA-1,True,366
ACGGTAACTCGCAA-1,True,539
ACGGTATGAGTCGT-1,True,752
ACGGTATGGGTATC-1,True,769
ACGGTATGGTTGTG-1,True,650
ACGGTCCTAACGGG-1,True,947
ACGGTCCTCGGGAA-1,True,771
ACGTAGACAACCAC-1,True,824
ACGTAGACTACAGC-1,True,744
ACGTCAGAAACGAA-1,True,837
ACGTCAGAGAGCTT-1,True,723
ACGTCAGAGGGATG-1,True,640
ACGTCCTGATAAGG-1,True,923
ACGTCCTGTGAACC-1,True,1174
ACGTCGCTCCTGAA-1,True,1597
ACGTCGCTCTATTC-1,True,699
ACGTCGCTTCTCAT-1,True,618
ACGTGATGCCATGA-1,True,1418
ACGTGATGGGTCTA-1,True,820
ACGTGATGTAACCG-1,True,1047
ACGTGATGTGACAC-1,True,981
ACGTGCCTCCGTAA-1,True,866
ACGTGCCTTCTATC-1,True,527
ACGTTACTTTCCAT-1,True,762
ACGTTGGAAAAGCA-1,True,717
ACGTTGGAAACCTG-1,True,860
ACGTTGGACCGTAA-1,True,603
ACGTTGGAGCCAAT-1,True,828
ACGTTGGATATGGC-1,True,476
ACGTTGGATCAGGT-1,True,1071
ACGTTTACATCAGC-1,True,775
ACTAAAACCCACAA-1,True,614
ACTAAAACTCGACA-1,True,913
ACTACGGAATTTCC-1,True,836
ACTACGGACCTATT-1,True,669
ACTACGGATCGCTC-1,True,942
ACTACTACTAAGGA-1,True,792
ACTAGGTGGAACCT-1,True,871
ACTAGGTGGAACTC-1,True,1046
ACTATCACCTTGGA-1,True,859
ACTATCACTGCCAA-1,True,793
ACTCAGGACTGAAC-1,True,822
ACTCAGGATCTATC-1,True,751
ACTCAGGATTCGTT-1,True,435
ACTCCTCTCAACTG-1,True,1142
ACTCGCACGAAAGT-1,True,781
ACTCGCACTACGAC-1,True,718
ACTCTCCTGACACT-1,True,471
ACTCTCCTGCATAC-1,True,1750
ACTCTCCTGTTTGG-1,True,892
ACTGAGACAACCAC-1,True,841
ACTGAGACCCATAG-1,True,1156
ACTGAGACGTTGGT-1,True,1031
ACTGCCACACACGT-1,True,912
ACTGCCACTCCGTC-1,True,873
ACTGGCCTTCAGTG-1,True,824
ACTGTGGACGTGTA-1,True,1233
ACTGTGGATCTAGG-1,True,1312
ACTGTTACCCACAA-1,True,575
ACTGTTACTGCAGT-1,True,605
ACTTAAGAACCACA-1,True,717
ACTTAAGACCACAA-1,True,665
ACTTAAGATTACTC-1,True,1019
ACTTAGCTGCGTAT-1,True,1215
ACTTAGCTGGGAGT-1,True,928
ACTTCAACAAGCAA-1,True,1780
ACTTCAACGTAGGG-1,True,657
ACTTCCCTTTCCGC-1,True,718
ACTTCTGACATGCA-1,True,646
ACTTGACTCCACAA-1,True,808
ACTTGGGAGAAAGT-1,True,1120
ACTTGGGAGGTTTG-1,True,750
ACTTGGGATGTGAC-1,True,390
ACTTGGGATTGACG-1,True,1100
ACTTGTACCCGAAT-1,True,911
ACTTGTACCTGTCC-1,True,456
ACTTTGTGCGATAC-1,True,267
ACTTTGTGGAAAGT-1,True,755
ACTTTGTGGATAGA-1,True,1118
AGAAACGAAAGTAG-1,True,571
AGAAAGTGCGCAAT-1,True,867
AGAAAGTGGGGATG-1,True,728
AGAACAGAAATGCC-1,True,916
AGAACAGACGACTA-1,True,491
AGAACAGAGACAAA-1,True,960
AGAACGCTTTGCTT-1,True,625
AGAAGATGTGACTG-1,True,1090
AGAATGGAAGAAGT-1,True,772
AGAATTTGTAACCG-1,True,968
AGAATTTGTAGAGA-1,True,480
AGACACACTGTAGC-1,True,810
AGACACTGTCAAGC-1,True,725
AGACCTGAAGTAGA-1,True,1016
AGACCTGACCAACA-1,True,1011
AGACCTGAGGAAGC-1,True,1075
AGACGTACAGAGGC-1,True,808
AGACGTACCCCTAC-1,True,672
AGACGTACCTCTTA-1,True,950
AGACGTACTCGTGA-1,True,862
AGACTGACCATCAG-1,True,766
AGACTGACCCTTTA-1,True,963
AGACTTCTCATGCA-1,True,507
AGAGATGACAGTCA-1,True,570
AGAGATGACTGAAC-1,True,678
AGAGATGAGGTTTG-1,True,768
AGAGATGATCTCGC-1,True,1037
AGAGATGATTGTGG-1,True,885
AGAGCGGAGGCAAG-1,True,1426
AGAGGTCTACAGCT-1,True,2815
AGAGTCTGGTCGTA-1,True,1496
AGAGTGCTCAGCTA-1,True,587
AGAGTGCTCGAATC-1,True,879
AGAGTGCTGTCATG-1,True,924
AGAGTGCTGTCCTC-1,True,783
AGAGTGCTGTGTTG-1,True,696
AGATATACCCGTAA-1,True,1057
AGATATACGATGAA-1,True,783
AGATATACTGTTCT-1,True,867
AGATATTGCCTACC-1,True,919
AGATATTGGCCAAT-1,True,1251
AGATCGTGTCTGGA-1,True,1023
AGATCGTGTTTGTC-1,True,727
AGATCTCTATCACG-1,True,645
AGATTAACGTTCTT-1,True,1217
AGATTCCTATCGTG-1,True,929
AGATTCCTCACTTT-1,True,792
AGATTCCTGACGAG-1,True,994
AGATTCCTGTTCAG-1,True,1025
AGCAAAGATATGCG-1,True,946
AGCACAACAGTCTG-1,True,600
AGCACTGAGGGAGT-1,True,881
AGCACTGATATGCG-1,True,975
AGCACTGATGCTTT-1,True,1609
AGCACTGATTGCGA-1,True,758
AGCATCGAAGATCC-1,True,772
AGCATCGAAGGGTG-1,True,682
AGCATCGAGCTTCC-1,True,998
AGCATCGAGTGAGG-1,True,979
AGCATCGATAACCG-1,True,1045
AGCATGACGATGAA-1,True,706
AGCCAATGGGGAGT-1,True,808
AGCCAATGTATCTC-1,True,855
AGCCACCTGGATCT-1,True,819
AGCCGGTGCCAATG-1,True,1147
AGCCGGTGTGTTTC-1,True,742
AGCCGTCTCAATCG-1,True,914
AGCCGTCTGAGAGC-1,True,969
AGCCTCACGTTCGA-1,True,704
AGCCTCACTGTCAG-1,True,1398
AGCCTCTGCAGTTG-1,True,581
AGCCTCTGCCAATG-1,True,809
AGCGAACTGGATCT-1,True,921
AGCGAACTTACTGG-1,True,805
AGCGATACGGAGCA-1,True,542
AGCGATTGAGATCC-1,True,888
AGCGCCGAATCTCT-1,True,519
AGCGCCGACAGAGG-1,True,1092
AGCGCTCTACCTTT-1,True,762
AGCGGCACCGGGAA-1,True,698
AGCGGCTGATGTGC-1,True,752
AGCGGGCTTGCCAA-1,True,771
AGCGTAACATGCTG-1,True,899
AGCGTAACTGAGAA-1,True,1101
AGCTCGCTACTGGT-1,True,760
AGCTCGCTCTGCTC-1,True,881
AGCTGAACCATACG-1,True,1124
AGCTGAACCTCTCG-1,True,809
AGCTGCCTTGGGAG-1,True,445
AGCTGCCTTTCATC-1,True,1703
AGCTGCCTTTCTGT-1,True,789
AGCTGTGATCCAAG-1,True,641
AGCTTTACAAGTAG-1,True,819
AGCTTTACACCAAC-1,True,890
AGCTTTACTCTCAT-1,True,767
AGGAAATGAGGAGC-1,True,806
AGGAACCTCTTAGG-1,True,1323
AGGAACCTTGCCTC-1,True,942
AGGAATGATAACGC-1,True,807
AGGAATGATTTGTC-1,True,981
AGGAGTCTGGTTTG-1,True,888
AGGAGTCTTGTCAG-1,True,726
AGGATAGACATTTC-1,True,1190
AGGATAGAGGATTC-1,True,826
AGGATGCTACTAGC-1,True,661
AGGATGCTTTAGGC-1,True,713
AGGCAACTGAAGGC-1,True,816
AGGCAGGAGTACCA-1,True,822
AGGCCTCTAGTCGT-1,True,806
AGGCCTCTCGGAGA-1,True,864
AGGCCTCTCGTAAC-1,True,464
AGGGACGACGTTGA-1,True,664
AGGGACGAGTCAAC-1,True,931
AGGGACGAGTTGTG-1,True,860
AGGGACGATAGAGA-1,True,674
AGGGACGATGCATG-1,True,803
AGGGAGTGAGCCTA-1,True,464
AGGGCCACCATACG-1,True,788
AGGGCGCTAACCAC-1,True,1068
AGGGCGCTATGGTC-1,True,781
AGGGTGGACAGTCA-1,True,843
AGGGTGGACTCAAG-1,True,779
AGGGTGGAGTTGCA-1,True,873
AGGGTTTGTTCATC-1,True,707
AGGTCATGAGTGTC-1,True,492
AGGTCATGCTTATC-1,True,669
AGGTCTGATTCTCA-1,True,982
AGGTGGGAAGAATG-1,True,749
AGGTGGGAAGTTCG-1,True,789
AGGTGTTGGTTACG-1,True,780
AGGTTCGAACCTCC-1,True,561
AGGTTCGAACGTAC-1,True,655
AGGTTCGAGGGTGA-1,True,432
AGTAAGGAGTTTGG-1,True,801
AGTAAGGATTCTTG-1,True,945
AGTAATACATCACG-1,True,770
AGTAATACCGAACT-1,True,503
AGTAATTGTCCCAC-1,True,766
AGTACGTGAGGGTG-1,True,776
AGTACGTGCTGCAA-1,True,970
AGTACGTGCTTGGA-1,True,989
AGTACTCTACGTGT-1,True,654
AGTACTCTCAACCA-1,True,762
AGTACTCTCGGTAT-1,True,882
AGTAGGCTTGCCTC-1,True,1236
AGTATAACTTGTCT-1,True,1499
AGTATCCTAGAACA-1,True,626
AGTCACGATGAGCT-1,True,1380
AGTCAGACGAATAG-1,True,1170
AGTCAGACGCTTAG-1,True,491
AGTCAGACTAGAGA-1,True,833
AGTCAGACTGCACA-1,True,924
AGTCCAGATATCTC-1,True,581
AGTCCAGATTTCAC-1,True,842
AGTCGAACCAACCA-1,True,596
AGTCGCCTCCGTAA-1,True,811
AGTCTACTAGGGTG-1,True,542
AGTCTACTTGCATG-1,True,1572
AGTCTTACACCACA-1,True,758
AGTCTTACTTCGCC-1,True,854
AGTCTTACTTCGGA-1,True,274
AGTGACTGCAACTG-1,True,1413
AGTGTTCTAACCTG-1,True,872
AGTGTTCTATAAGG-1,True,559
AGTGTTCTCACTTT-1,True,907
AGTTAAACCACTTT-1,True,951
AGTTATGAACAGTC-1,True,1175
AGTTATGACTGAGT-1,True,946
AGTTATGAGTTCAG-1,True,905
AGTTCTACCAGCTA-1,True,737
AGTTCTTGAAGCCT-1,True,604
AGTTGTCTACTACG-1,True,843
AGTTTAGATGGTCA-1,True,606
AGTTTCACGGTCTA-1,True,1079
AGTTTGCTACAGTC-1,True,668
AGTTTGCTACTGGT-1,True,785
AGTTTGCTCCAAGT-1,True,726
ATAAACACAGTGCT-1,True,978
ATAAACACCACCAA-1,True,941
ATAACAACATGCTG-1,True,994
ATAACAACGTCTAG-1,True,655
ATAACAACTTTGTC-1,True,1013
ATAACATGTACTCT-1,True,987
ATAACCCTGTTGGT-1,True,591
ATAACCCTTGGTAC-1,True,1041
ATAAGTACGAATGA-1,True,625
ATAAGTTGGTACGT-1,True,582
ATAAGTTGTCTAGG-1,True,814
ATAATCGAGCTGAT-1,True,570
ATAATCGATGGTTG-1,True,775
ATAATGACCTACTT-1,True,822
ATAATGACTCGTGA-1,True,715
ATACAATGTTAGGC-1,True,738
ATACCACTCGTACA-1,True,956
ATACCACTCTAAGC-1,True,1178
ATACCACTGCCAAT-1,True,743
ATACCGGAATGCTG-1,True,1861
ATACCGGACATTTC-1,True,841
ATACCGGACTTCGC-1,True,944
ATACCGGAGGTGTT-1,True,783
ATACCGGATCTCGC-1,True,643
ATACCTACGCATCA-1,True,924
ATACCTTGGGGCAA-1,True,936
ATACGGACAGACTC-1,True,431
ATACGGACCTACTT-1,True,490
ATACGGACGAGGTG-1,True,532
ATACGGACTATGCG-1,True,524
ATACGGACTCTGGA-1,True,620
ATACGTCTTAACGC-1,True,749
ATACTCTGCTTCGC-1,True,1334
ATACTCTGGTATGC-1,True,834
ATAGATACCATGGT-1,True,790
ATAGATACGACGAG-1,True,702
ATAGATTGGTGTAC-1,True,892
ATAGCCGAACGGAG-1,True,693
ATAGCGTGCAGATC-1,True,784
ATAGCGTGCCCTTG-1,True,944
ATAGCGTGGTATCG-1,True,471
ATAGCGTGTCTCTA-1,True,839
ATAGCTCTCTGATG-1,True,529
ATAGCTCTGAGGTG-1,True,729
ATAGGAGAAACAGA-1,True,1084
ATAGGCTGTCAGAC-1,True,802
ATAGTCCTAGTGTC-1,True,886
ATAGTCCTTGCATG-1,True,815
ATAGTCCTTGTCGA-1,True,856
ATAGTTGACAACTG-1,True,746
ATAGTTGACCCTCA-1,True,1318
ATAGTTGAGACGTT-1,True,545
ATAGTTGATAAGCC-1,True,696
ATATACGAAGCCAT-1,True,872
ATATACGAATTGGC-1,True,1154
ATATAGTGGAATGA-1,True,467
ATATGCCTAGATCC-1,True,725
ATATGCCTGGACAG-1,True,1027
ATATGCCTTCTCTA-1,True,479
ATATGCCTTGGTAC-1,True,728
ATCAAATGAGCCTA-1,True,926
ATCAAATGGGTAAA-1,True,1282
ATCAACCTAAACGA-1,True,907
ATCAACCTGAGGAC-1,True,833
ATCAACCTTCTCTA-1,True,1024
ATCAACCTTTGTCT-1,True,838
ATCACACTTTGTCT-1,True,900
ATCACGGATTGCTT-1,True,457
ATCACGGATTTCGT-1,True,737
ATCATCTGACACCA-1,True,367
ATCATGCTAGAGTA-1,True,459
ATCATGCTGAACCT-1,True,1030
ATCCAGGACGCTAA-1,True,1279
ATCCAGGATGGAAA-1,True,756
ATCCATACTCCTTA-1,True,662
ATCCATACTTCATC-1,True,1323
ATCCCGTGCAGTCA-1,True,1003
ATCCCGTGCATGCA-1,True,359
ATCCCGTGGCTGAT-1,True,770
ATCCGCACGCATCA-1,True,813
ATCCTAACGACGGA-1,True,634
ATCCTAACGCTACA-1,True,924
ATCGACGAAACTGC-1,True,1184
ATCGACGAATGACC-1,True,901
ATCGAGTGGACGTT-1,True,816
ATCGCAGAATCTCT-1,True,1421
ATCGCAGAGTGTCA-1,True,771
ATCGCCACTGAGGG-1,True,706
ATCGCCTGGGTCAT-1,True,953
ATCGCCTGTGGCAT-1,True,348
ATCGCGCTCAGAGG-1,True,716
ATCGCGCTGGGATG-1,True,870
ATCGCGCTTTTCGT-1,True,715
ATCGGAACCAGTCA-1,True,550
ATCGGTGAGTCAAC-1,True,689
ATCGGTGATTGCAG-1,True,947
ATCGTTTGCCTACC-1,True,1157
ATCGTTTGGGTACT-1,True,690
ATCGTTTGTGCCAA-1,True,383
ATCTACACCCGCTT-1,True,374
ATCTACACCGGGAA-1,True,882
ATCTCAACAGGAGC-1,True,697
ATCTCAACCTCGAA-1,True,246
ATCTCAACCTTGTT-1,True,833
ATCTGGGAAACCAC-1,True,1006
ATCTGGGAAGTGTC-1,True,1181
ATCTGGGATTCCGC-1,True,974
ATCTGTTGAACGGG-1,True,856
ATCTGTTGACCTCC-1,True,978
ATCTGTTGCCTTCG-1,True,1551
ATCTGTTGGTTGCA-1,True,965
ATCTTGACACCAAC-1,True,907
ATCTTGACCTCCCA-1,True,565
ATCTTTCTGCATCA-1,True,417
ATCTTTCTGTTTCT-1,True,907
ATCTTTCTTGTCCC-1,True,927
ATGAAACTCTGTGA-1,True,966
ATGAAACTGAGGCA-1,True,658
ATGAAGGAACAGCT-1,True,727
ATGAAGGACCTGTC-1,True,743
ATGAAGGACCTTAT-1,True,381
ATGAAGGACTAGTG-1,True,385
ATGAAGGACTTGCC-1,True,905
ATGACGTGACGACT-1,True,645
ATGACGTGATCGGT-1,True,1167
ATGAGAGAAAGTGA-1,True,936
ATGAGAGAACGCAT-1,True,724
ATGAGAGAAGTAGA-1,True,618
ATGAGCACACAGCT-1,True,1038
ATGAGCACATCTTC-1,True,853
ATGATAACTTCACT-1,True,808
ATGATATGAAACAG-1,True,1403
ATGATATGACTGGT-1,True,762
ATGATATGAGCACT-1,True,741
ATGATATGGTCATG-1,True,687
ATGATATGGTGCTA-1,True,932
ATGATATGTTGTCT-1,True,1096
ATGCACGAATGTCG-1,True,601
ATGCACGACTGTAG-1,True,652
ATGCACGAGAACCT-1,True,895
ATGCACGAGTTCGA-1,True,682
ATGCACGATTGGTG-1,True,1553
ATGCAGTGTTACCT-1,True,604
ATGCAGTGTTCTAC-1,True,823
ATGCCAGAACGACT-1,True,803
ATGCCAGACAGTCA-1,True,646
ATGCCGCTTGAACC-1,True,917
ATGCGATGCTATGG-1,True,942
ATGCGATGCTGAGT-1,True,850
ATGCGATGGTTACG-1,True,795
ATGCGCCTTCATTC-1,True,771
ATGCTTTGCGAATC-1,True,949
ATGCTTTGGGCGAA-1,True,516
ATGCTTTGTAGTCG-1,True,664
ATGGACACATCGGT-1,True,1001
ATGGACACGCATCA-1,True,637
ATGGGTACAACCTG-1,True,619
ATGGGTACATCGGT-1,True,907
ATGGGTACTATTCC-1,True,961
ATGGGTACTGGGAG-1,True,812
ATGTAAACACCTCC-1,True,793
ATGTAAACCCGCTT-1,True,1043
ATGTAAACGGGATG-1,True,1343
ATGTAAACTCTCCG-1,True,1326
ATGTAAACTTCACT-1,True,981
ATGTACCTCAGTCA-1,True,675
ATGTACCTTAGTCG-1,True,937
ATGTACCTTTATCC-1,True,631
ATGTACCTTTCACT-1,True,1026
ATGTCACTAATGCC-1,True,1135
ATGTCACTCTGCTC-1,True,499
ATGTCGGAGGTGAG-1,True,948
ATGTTCACAGTCTG-1,True,801
ATGTTCACCGTAGT-1,True,848
ATGTTGCTTTCAGG-1,True,741
ATTAACGATGAGAA-1,True,604
ATTAACGATGCAAC-1,True,864
ATTAAGACTGCAGT-1,True,1076
ATTACCTGCCTTAT-1,True,1106
ATTACCTGGAGGAC-1,True,1111
ATTACCTGGGCATT-1,True,456
ATTAGATGTTTCAC-1,True,624
ATTATGGAATCTCT-1,True,1008
ATTCAAGAACGGGA-1,True,908
ATTCAAGACCTTTA-1,True,815
ATTCAGCTCATTGG-1,True,346
ATTCCAACCATTGG-1,True,1062
ATTCCAACTTAGGC-1,True,803
ATTCGACTCACTAG-1,True,749
ATTCGACTGAATAG-1,True,779
ATTCGACTTTTGTC-1,True,1027
ATTCGGGAAAGGCG-1,True,1032
ATTCGGGATTAGGC-1,True,1040
ATTCTTCTGATACC-1,True,654
ATTGAATGGACGGA-1,True,631
ATTGATGAAGGTTC-1,True,755
ATTGATGACTGAGT-1,True,854
ATTGATGAGCGAAG-1,True,850
ATTGATGATCTATC-1,True,798
ATTGCACTGACGGA-1,True,864
ATTGCACTGAGAGC-1,True,1078
ATTGCACTGGAGCA-1,True,690
ATTGCACTTAGCCA-1,True,864
ATTGCACTTGCTTT-1,True,1523
ATTGCTTGTTACTC-1,True,838
ATTGGTCTGACTAC-1,True,966
ATTGGTCTTGTCTT-1,True,389
ATTGTAGATTCCCG-1,True,1654
ATTGTAGATTGCAG-1,True,808
ATTGTCTGCGTACA-1,True,885
ATTTAGGAACCATG-1,True,1665
ATTTAGGACAGAGG-1,True,920
ATTTCCGAGATGAA-1,True,855
ATTTCCGAGTGCTA-1,True,807
ATTTCGTGTATGGC-1,True,859
ATTTCTCTACTTTC-1,True,1276
ATTTCTCTAGCAAA-1,True,987
ATTTCTCTCACTTT-1,True,1079
ATTTCTCTTCCCAC-1,True,678
ATTTGCACAAGATG-1,True,626
CAAAGCACAGCTCA-1,True,831
CAAAGCACCGTAAC-1,True,829
CAAAGCACGGTAAA-1,True,1009
CAAAGCTGAAAGTG-1,True,547
CAAAGCTGTTGCTT-1,True,893
CAAATATGTGACAC-1,True,722
CAAATTGAGGGCAA-1,True,656
CAAATTGATGGAGG-1,True,415
CAACCAGAAAAGTG-1,True,773
CAACCAGAAGTGCT-1,True,1262
CAACCAGAGTTCAG-1,True,1218
CAACCAGATAGAAG-1,True,365
CAACCGCTGTTCAG-1,True,661
CAACCGCTTTGAGC-1,True,805
CAACGATGCGCAAT-1,True,1409
CAACGTGACTCCAC-1,True,1094
CAACGTGAGCCATA-1,True,779
CAACGTGATCAAGC-1,True,898
CAAGAAGACCACAA-1,True,830
CAAGAAGACGTCTC-1,True,1242
CAAGAAGATTCTAC-1,True,864
CAAGACTGACCTGA-1,True,576
CAAGACTGAGTAGA-1,True,901
CAAGCTGACCATAG-1,True,1274
CAAGCTGATCTATC-1,True,852
CAAGGACTGTTCAG-1,True,1006
CAAGGACTTCTTTG-1,True,719
CAAGGTTGCTCCAC-1,True,763
CAAGGTTGTCATTC-1,True,683
CAAGGTTGTCTGGA-1,True,957
CAAGTCGAAACAGA-1,True,831
CAAGTCGATAGCGT-1,True,724
CAATAAACGCCATA-1,True,354
CAATAATGAACTGC-1,True,763
CAATATGACATGGT-1,True,910
CAATATGACCTTCG-1,True,749
CAATATGACGTTAG-1,True,626
CAATATGAGGAGCA-1,True,870
CAATCGGAGAAACA-1,True,795
CAATCTACTGACTG-1,True,1078
CAATTCACCCAACA-1,True,736
CAATTCACGATAGA-1,True,835
CAATTCACTTGTGG-1,True,402
CAATTCTGCTTGTT-1,True,1203
CAATTCTGGCGTAT-1,True,699
CACAACGATACGAC-1,True,755
CACAATCTTGTTCT-1,True,697
CACAATCTTTCCAT-1,True,1229
CACACCTGCTTGAG-1,True,637
CACACCTGTATGGC-1,True,666
CACAGAACCCTTGC-1,True,846
CACAGAACCTGATG-1,True,1036
CACAGATGGGATTC-1,True,1027
CACAGATGGTTTCT-1,True,831
CACAGCCTGATACC-1,True,999
CACAGCCTTGCCAA-1,True,942
CACAGCCTTGTAGC-1,True,891
CACAGTGATGAAGA-1,True,1007
CACATACTACAGCT-1,True,712
CACATGGAACACGT-1,True,990
CACATGGAAGTCGT-1,True,725
CACCACTGCCAACA-1,True,745
CACCACTGGCGAAG-1,True,921
CACCCATGTTCTGT-1,True,333
CACCGGGAATCGAC-1,True,1042
CACCGGGACGAGAG-1,True,895
CACCGGGACGTGTA-1,True,873
CACCGGGACTTCTA-1,True,1612
CACCGGGACTTGCC-1,True,724
CACCGGGATTCGGA-1,True,929
CACCGTACTAAGGA-1,True,601
CACCGTACTAGCGT-1,True,862
CACCTGACACCCAA-1,True,908
CACCTGACCAGAAA-1,True,658
CACCTGACCTCAAG-1,True,775
CACCTGACGAAAGT-1,True,724
CACCTGACTCGTAG-1,True,753
CACGAAACTTCCGC-1,True,741
CACGACCTCGATAC-1,True,690
CACGCTACAGAAGT-1,True,379
CACGCTACTGTTCT-1,True,608
CACGCTACTTGACG-1,True,476
CACGGGACAGAGTA-1,True,927
CACGGGACATAAGG-1,True,777
CACGGGACGTAGGG-1,True,969
CACGGGTGCTTCGC-1,True,827
CACGGGTGGAGGAC-1,True,709
CACGGGTGTGTTTC-1,True,385
CACTAACTCCTAAG-1,True,690
CACTAACTGAAAGT-1,True,769
CACTAGGATGATGC-1,True,554
CACTATACCCCGTT-1,True,892
CACTATACGTTTGG-1,True,761
CACTGAGACAGTCA-1,True,367
CACTGCACTTCATC-1,True,731
CACTGCTGAGACTC-1,True,1103
CACTGCTGGAAAGT-1,True,944
CACTTAACCGAATC-1,True,832
CACTTAACCGTACA-1,True,675
CACTTTGACTCTAT-1,True,652
CACTTTGAGCTGTA-1,True,418
CAGAAGCTCTCAAG-1,True,727
CAGACATGAACGGG-1,True,745
CAGACATGTCGACA-1,True,872
CAGACCCTAAGGTA-1,True,1336
CAGACCCTAATGCC-1,True,863
CAGACCCTAGGAGC-1,True,934
CAGACTGAGTATGC-1,True,844
CAGATCGAATGTCG-1,True,721
CAGATCGACCTGAA-1,True,432
CAGATCGATATGGC-1,True,782
CAGATGACATTCTC-1,True,1006
CAGCAATGCCTTCG-1,True,834
CAGCAATGGAGGGT-1,True,840
CAGCAATGGTGCTA-1,True,840
CAGCAATGTCTACT-1,True,819
CAGCAATGTGACCA-1,True,699
CAGCAATGTGAGGG-1,True,489
CAGCACCTAAGCCT-1,True,665
CAGCACCTAGGCGA-1,True,576
CAGCACCTGTAGGG-1,True,1291
CAGCATGACAACCA-1,True,1102
CAGCATGAGACGTT-1,True,826
CAGCCTACCCAACA-1,True,880
CAGCCTTGCTACCC-1,True,738
CAGCCTTGGGGACA-1,True,904
CAGCGGACACCCTC-1,True,686
CAGCGGACCTTTAC-1,True,874
CAGCGTCTAAAGCA-1,True,887
CAGCGTCTTATCGG-1,True,873
CAGCTAGATGTGAC-1,True,560
CAGCTCTGAGGCGA-1,True,766
CAGCTCTGCAAGCT-1,True,710
CAGCTCTGTCGTAG-1,True,1135
CAGCTCTGTGTGGT-1,True,1054
CAGGAACTAACTGC-1,True,805
CAGGAACTCTCAGA-1,True,724
CAGGCCGAACACCA-1,True,973
CAGGCCGAACACGT-1,True,1201
CAGGCCGAACGACT-1,True,575
CAGGCCGAATCTCT-1,True,838
CAGGCCGACTAGCA-1,True,865
CAGGGCACCATACG-1,True,546
CAGGGCACCCAACA-1,True,811
CAGGGCACTCCCGT-1,True,884
CAGGTAACAGACTC-1,True,886
CAGGTATGAGTCGT-1,True,791
CAGGTATGTGCTTT-1,True,1026
CAGGTTGAGGATCT-1,True,2000
CAGTGATGGACGGA-1,True,644
CAGTGATGGCTAAC-1,True,763
CAGTGATGGGACAG-1,True,969
CAGTGATGTAAGGA-1,True,800
CAGTGATGTACGCA-1,True,359
CAGTGTGAACACGT-1,True,307
CAGTGTGATGTCAG-1,True,624
CAGTTACTAAGGTA-1,True,993
CAGTTACTGATAGA-1,True,800
CAGTTGGAAAGAGT-1,True,1167
CAGTTGGACATACG-1,True,833
CAGTTTACACACGT-1,True,1871
CAGTTTACCCCAAA-1,True,616
CATAAAACGGAGCA-1,True,822
CATAAATGAACTGC-1,True,647
CATAACCTTCTCCG-1,True,1000
CATACTACCTCGAA-1,True,618
CATACTACCTGAAC-1,True,734
CATACTACGTACCA-1,True,618
CATACTTGGGTTAC-1,True,1938
CATAGTCTAATCGC-1,True,861
CATAGTCTCACTTT-1,True,945
CATATAGACTAAGC-1,True,1032
CATATAGATCAGGT-1,True,723
CATCAACTAGAAGT-1,True,984
CATCAACTCCCTCA-1,True,994
CATCAGGACTTCCG-1,True,771
CATCAGGATAGCCA-1,True,738
CATCAGGATCCTAT-1,True,1583
CATCAGGATGCACA-1,True,1113
CATCAGGATTTCGT-1,True,614
CATCATACCGCATA-1,True,1146
CATCATACGGAGCA-1,True,615
CATCATACTCAAGC-1,True,848
CATCGCTGGGATCT-1,True,983
CATCGCTGTGGCAT-1,True,677
CATCGGCTATGCTG-1,True,972
CATCGGCTTTGGCA-1,True,791
CATCTCCTATGTGC-1,True,827
CATCTCCTCGAACT-1,True,804
CATGAGACACGGGA-1,True,395
CATGAGACGTTGAC-1,True,843
CATGAGACTCGCCT-1,True,493
CATGCCACGGGTGA-1,True,741
CATGCCACTGCCAA-1,True,941
CATGCGCTAGTCAC-1,True,1659
CATGCGCTCAGATC-1,True,742
CATGCGCTTTGCAG-1,True,1517
CATGGCCTAGGGTG-1,True,559
CATGGCCTGTGCAT-1,True,937
CATGTACTATCGTG-1,True,740
CATGTTACAGTCGT-1,True,781
CATGTTACCTGAGT-1,True,819
CATGTTTGGGGATG-1,True,813
CATTACACACGGAG-1,True,578
CATTACACCAACTG-1,True,1022
CATTACACGGAGTG-1,True,1191
CATTACACTACTCT-1,True,824
CATTAGCTCCACAA-1,True,1146
CATTGACTAGCGGA-1,True,757
CATTGGGACTCGAA-1,True,638
CATTGTACAGCGTT-1,True,830
CATTGTACTCGATG-1,True,713
CATTGTACTTATCC-1,True,609
CATTGTACTTTGCT-1,True,1271
CATTGTTGCTAGTG-1,True,680
CATTTCGACTCTAT-1,True,769
CATTTCGAGATACC-1,True,1119
CATTTGACCACACA-1,True,731
CATTTGACCCTGAA-1,True,804
CATTTGTGACGACT-1,True,781
CATTTGTGCATTGG-1,True,916
CATTTGTGCGGAGA-1,True,735
CATTTGTGGGATCT-1,True,835
CCAAAGTGCTACGA-1,True,1257
CCAAAGTGTGAGAA-1,True,472
CCAACCTGAAGTAG-1,True,879
CCAACCTGACGTAC-1,True,851
CCAACCTGTTCGCC-1,True,1023
CCAAGAACCCAATG-1,True,661
CCAAGAACGTAGCT-1,True,1008
CCAAGAACGTGTCA-1,True,748
CCAAGAACTACTGG-1,True,845
CCAAGAACTCCTAT-1,True,393
CCAAGATGTCATTC-1,True,675
CCAAGATGTTTCAC-1,True,843
CCAAGTGAGGAACG-1,True,876
CCAAGTGATCAAGC-1,True,939
CCAATGGAACAGCT-1,True,653
CCAATTTGAACGTC-1,True,932
CCACCATGAACGTC-1,True,760
CCACCATGATCGGT-1,True,735
CCACCATGGACGAG-1,True,1561
CCACCATGGGGAGT-1,True,752
CCACCATGTCCTGC-1,True,940
CCACTGACCCGCTT-1,True,705
CCACTGTGGGAAGC-1,True,405
CCACTGTGTGTAGC-1,True,690
CCACTTCTCGGGAA-1,True,1071
CCAGAAACCCTGTC-1,True,544
CCAGAAACGAACTC-1,True,927
CCAGAAACGGTCTA-1,True,817
CCAGACCTCTGAGT-1,True,388
CCAGACCTTGTGGT-1,True,560
CCAGCACTGCGATT-1,True,1322
CCAGCGGAAAGGCG-1,True,640
CCAGCGGACGACTA-1,True,886
CCAGCGGATGGGAG-1,True,1075
CCAGCTACACAGTC-1,True,689
CCAGCTACCAGCTA-1,True,524
CCAGGTCTACACCA-1,True,606
CCAGGTCTAGCATC-1,True,802
CCAGGTCTATGGTC-1,True,868
CCAGTCACACTGGT-1,True,939
CCAGTCACACTGTG-1,True,753
CCAGTCACGTTGTG-1,True,770
CCAGTCTGCGGAGA-1,True,3422
CCAGTGCTAACCAC-1,True,1105
CCAGTGCTCGTAGT-1,True,841
CCATCCGAAAGCAA-1,True,786
CCATCCGAACGACT-1,True,445
CCATCCGAAGGTTC-1,True,703
CCATCCGATTCGCC-1,True,593
CCATCGTGAACGGG-1,True,875
CCATCGTGCTAGAC-1,True,901
CCCAACACCTCGCT-1,True,927
CCCAACACGCATCA-1,True,798
CCCAACACTTTGTC-1,True,1221
CCCAACTGCAATCG-1,True,415
CCCAGACTGCCTTC-1,True,1381
CCCAGACTGGTTTG-1,True,949
CCCAGACTTTCGCC-1,True,1322
CCCAGTTGCAGTTG-1,True,1169
CCCAGTTGGGTACT-1,True,745
CCCAGTTGTCTATC-1,True,727
CCCGATTGTGTTTC-1,True,799
CCCGGAGAAGGGTG-1,True,490
CCCTACGAATTGGC-1,True,767
CCCTAGTGCAAAGA-1,True,943
CCCTCAGACACTTT-1,True,808
CCCTCAGACGAGAG-1,True,926
CCCTCAGAGGTCAT-1,True,664
CCCTGAACTAAAGG-1,True,569
CCCTGATGCAACCA-1,True,843
CCCTGATGCAAGCT-1,True,727
CCCTTACTAACCAC-1,True,1222
CCCTTACTGCAGTT-1,True,457
CCGAAAACCTTGTT-1,True,1515
CCGACACTGGTTTG-1,True,1138
CCGACTACCCAGTA-1,True,1174
CCGACTACCGTGTA-1,True,525
CCGACTACTGAGGG-1,True,878
CCGATAGACCTAAG-1,True,525
CCGATAGAGTTGGT-1,True,999
CCGCGAGACACACA-1,True,778
CCGCGAGAGGTTCA-1,True,772
CCGCTATGGGACGA-1,True,819
CCGCTATGTGCAAC-1,True,1015
CCGCTATGTGCACA-1,True,939
CCGGTACTGTCCTC-1,True,856
CCGTACACAAGCAA-1,True,715
CCGTACACAGCGTT-1,True,793
CCGTACACGTCATG-1,True,837
CCGTACACGTTGGT-1,True,1193
CCGTACACTAACGC-1,True,764
CCTAAACTTTCGTT-1,True,834
CCTAAGGACCCAAA-1,True,677
CCTAAGGACTAGCA-1,True,625
CCTAAGGAGGGCAA-1,True,420
CCTAAGGATGATGC-1,True,837
CCTAAGGATGTCAG-1,True,874
CCTACCGACTCTTA-1,True,679
CCTACCGAGGGATG-1,True,811
CCTAGAGAGGTGAG-1,True,546
CCTATAACCAAAGA-1,True,787
CCTATAACGAGACG-1,True,587
CCTATAACTCAGAC-1,True,821
CCTATAACTGCATG-1,True,669
CCTCGAACACTTTC-1,True,813
CCTCGAACCCGTAA-1,True,780
CCTCGAACGTATCG-1,True,649
CCTCGAACTTACTC-1,True,924
CCTCTACTCTTCGC-1,True,1322
CCTCTACTGGCATT-1,True,701
CCTGACTGAAGTAG-1,True,792
CCTGACTGGGGAGT-1,True,817
CCTGACTGTGTCTT-1,True,667
CCTGCAACACGTTG-1,True,804
CCTGGACTCGTGAT-1,True,593
CCTTAATGCCCAAA-1,True,740
CCTTAATGTTCTAC-1,True,1243
CCTTCACTACGACT-1,True,859
CCTTCACTCAGTCA-1,True,685
CCTTCACTGGAGTG-1,True,596
CCTTTAGATTCATC-1,True,1193
CGAACATGCCCTAC-1,True,859
CGAACATGTCAGAC-1,True,775
CGAAGACTGGAACG-1,True,947
CGAAGACTGTTACG-1,True,689
CGAAGGGAAACCTG-1,True,907
CGAAGGGATCCGAA-1,True,734
CGAAGTACCAACTG-1,True,621
CGAATCGAGGAGCA-1,True,336
CGAATCGAGGAGGT-1,True,922
CGACAAACCCATAG-1,True,802
CGACAAACCGACAT-1,True,812
CGACCACTAAAGTG-1,True,941
CGACCACTGCCAAT-1,True,943
CGACCGGAAGGTCT-1,True,868
CGACCGGATGGAAA-1,True,947
CGACCTTGCTAGTG-1,True,767
CGACCTTGGCAAGG-1,True,341
CGACGTCTATCGTG-1,True,701
CGACGTCTCGTGTA-1,True,692
CGACGTCTGAGGCA-1,True,423
CGACTCACGTCGTA-1,True,775
CGACTCACGTTGCA-1,True,500
CGACTCTGTGTGAC-1,True,1100
CGACTGCTTCCTCG-1,True,812
CGAGAACTAAGGCG-1,True,728
CGAGAACTACGTTG-1,True,616
CGAGAACTTGTTCT-1,True,928
CGAGATTGGACACT-1,True,835
CGAGATTGGCCATA-1,True,454
CGAGCCGAACACCA-1,True,812
CGAGCCGACGACAT-1,True,566
CGAGCCGAGGCGAA-1,True,769
CGAGCGTGCTCCAC-1,True,1058
CGAGCGTGGATACC-1,True,914
CGAGCGTGTATGCG-1,True,628
CGAGGAGACCTCCA-1,True,649
CGAGGAGATGTCGA-1,True,452
CGAGGCACCTATGG-1,True,754
CGAGGCACTATGCG-1,True,1327
CGAGGCACTCTTCA-1,True,776
CGAGGCTGACGCTA-1,True,670
CGAGGCTGGCAGTT-1,True,1017
CGAGGGCTACGACT-1,True,599
CGAGGGCTCGAATC-1,True,431
CGAGTATGTCACCC-1,True,967
CGATACGAACAGTC-1,True,1077
CGATACGACAGGAG-1,True,2033
CGATACGATTCACT-1,True,731
CGATAGACCCGTAA-1,True,533
CGATAGACCGTACA-1,True,926
CGATAGACGTAGGG-1,True,725
CGATAGACTGTTCT-1,True,559
CGATCAGAAGAACA-1,True,870
CGATCAGAGAGGGT-1,True,964
CGATCAGAGGTACT-1,True,1341
CGATCAGATGTGAC-1,True,1981
CGATCCACCGGGAA-1,True,1103
CGATCCACTTCCAT-1,True,326
CGCAAATGCTCGAA-1,True,428
CGCAACCTCCTTGC-1,True,808
CGCAACCTGGACGA-1,True,821
CGCACGGAGGACGA-1,True,554
CGCACGGATCTTTG-1,True,596
CGCACTACAGAATG-1,True,680
CGCACTACAGCCAT-1,True,1034
CGCACTACATTGGC-1,True,849
CGCACTACTCGCCT-1,True,566
CGCACTACTCGTGA-1,True,879
CGCACTTGTCACGA-1,True,1091
CGCAGGACAGATCC-1,True,823
CGCAGGACCTACTT-1,True,447
CGCAGGACTTGTCT-1,True,1688
CGCAGGTGCACTGA-1,True,868
CGCAGGTGCCATAG-1,True,1254
CGCAGGTGGGAACG-1,True,942
CGCATAGATCACGA-1,True,462
CGCCATACTGCAAC-1,True,1055
CGCCATTGAGAGGC-1,True,852
CGCCATTGCTATGG-1,True,738
CGCCATTGGAGACG-1,True,804
CGCCATTGGAGCAG-1,True,775
CGCCATTGTACTGG-1,True,726
CGCCGAGAGCTTAG-1,True,993
CGCCTAACGAATGA-1,True,1462
CGCCTAACTGCTCC-1,True,1007
CGCGAGACACAGCT-1,True,798
CGCGAGACAGGTCT-1,True,1036
CGCGAGACGCTACA-1,True,786
CGCGATCTCAGTCA-1,True,948
CGCGATCTGTTGAC-1,True,743
CGCGATCTTTCTTG-1,True,761
CGCGGATGGCCAAT-1,True,838
CGCTAAGAATGTCG-1,True,1040
CGCTAAGACAACTG-1,True,859
CGCTAAGACCCTTG-1,True,867
CGCTACTGAACAGA-1,True,1188
CGCTACTGAGAACA-1,True,846
CGCTACTGTGAGCT-1,True,687
CGCTACTGTTCCCG-1,True,672
CGCTCATGCATTTC-1,True,629
CGGAATTGCACTAG-1,True,426
CGGAATTGGTTTGG-1,True,725
CGGAATTGTGGAGG-1,True,660
CGGACCGATGCGTA-1,True,809
CGGACCGATGGGAG-1,True,469
CGGACTCTAAACAG-1,True,600
CGGACTCTCCAATG-1,True,812
CGGACTCTCCTCGT-1,True,856
CGGAGGCTATTCCT-1,True,397
CGGAGGCTTGGATC-1,True,786
CGGATAACAACGAA-1,True,895
CGGATAACAGCTCA-1,True,882
CGGATAACTCAGTG-1,True,449
CGGCACGAACTCAG-1,True,890
CGGCACGAAGGGTG-1,True,823
CGGCACGACTACGA-1,True,1051
CGGCATCTTAGAAG-1,True,823
CGGCATCTTCGTAG-1,True,1055
CGGCCAGAAAGGTA-1,True,741
CGGCCAGAGAGGCA-1,True,999
CGGCGAACCAGTCA-1,True,1241
CGGCGAACGACAAA-1,True,790
CGGCGAACGGTCTA-1,True,878
CGGCGAACTACTTC-1,True,778
CGGGACTGCGTGTA-1,True,1066
CGGGACTGGAATAG-1,True,815
CGGGCATGACCCAA-1,True,465
CGGGCATGTCTCTA-1,True,1079
CGGGCATGTTGTGG-1,True,743
CGGTAAACTCGCAA-1,True,1098
CGGTCACTGTTTGG-1,True,807
CGGTCACTTACTTC-1,True,1120
CGTAACGAATCAGC-1,True,462
CGTAACGATCGCCT-1,True,1025
CGTACCACACACAC-1,True,805
CGTACCACACGTTG-1,True,676
CGTACCACCTCATT-1,True,828
CGTACCACGCTACA-1,True,418
CGTACCACGGAGCA-1,True,763
CGTACCTGGACGAG-1,True,407
CGTACCTGGCATCA-1,True,997
CGTAGCCTCTCTCG-1,True,852
CGTAGCCTGCGAAG-1,True,866
CGTAGCCTGTATGC-1,True,1118
CGTCAAGAAAGGTA-1,True,508
CGTCAAGAACGTGT-1,True,928
CGTCAAGACAGAGG-1,True,958
CGTCAAGACAGGAG-1,True,932
CGTCCATGCTCTTA-1,True,892
CGTCGACTTTCCGC-1,True,905
CGTGATGACGCTAA-1,True,494
CGTGATGAGGTTCA-1,True,710
CGTGCACTTATGGC-1,True,1068
CGTGTAGAAAAACG-1,True,795
CGTGTAGACGATAC-1,True,787
CGTGTAGAGTTACG-1,True,951
CGTGTAGAGTTCAG-1,True,720
CGTGTAGATTCGGA-1,True,842
CGTTAGGAAACCAC-1,True,890
CGTTAGGATCATTC-1,True,1355
CGTTATACCCTGAA-1,True,1005
CGTTTAACTGGTCA-1,True,872
CTAAACCTCTGACA-1,True,1185
CTAAACCTGTGCAT-1,True,912
CTAACACTAACGTC-1,True,869
CTAACACTAGTGCT-1,True,894
CTAACGGAACCGAT-1,True,997
CTAACGGATTTCTG-1,True,770
CTAACTACGGCAAG-1,True,554
CTAAGGACACCATG-1,True,806
CTAAGGACCGTTAG-1,True,1426
CTAAGGACGCCATA-1,True,1012
CTAAGGTGCCTAAG-1,True,452
CTAAGGTGTTGCAG-1,True,896
CTAAGGTGTTTCTG-1,True,426
CTAATAGAGCTATG-1,True,239
CTAATGCTTGTGGT-1,True,829
CTACAACTCCCGTT-1,True,895
CTACCTCTCAACCA-1,True,787
CTACGCACACCTAG-1,True,1139
CTACGCACTCTCCG-1,True,925
CTACGCACTGGTCA-1,True,1015
CTACGGCTTTCTTG-1,True,1360
CTACTATGAACCAC-1,True,1097
CTACTATGATGTGC-1,True,650
CTACTATGCTAAGC-1,True,853
CTACTATGTAAAGG-1,True,549
CTACTCCTATGTCG-1,True,1052
CTACTCCTGCCATA-1,True,307
CTAGAGACACTTTC-1,True,1152
CTAGAGACAGCATC-1,True,907
CTAGAGACTTTGGG-1,True,1628
CTAGATCTCTCTAT-1,True,731
CTAGATCTTCGACA-1,True,897
CTAGGATGAGCCTA-1,True,1749
CTAGGATGATCGTG-1,True,762
CTAGGCCTCTCAGA-1,True,712
CTAGGTGATGGTTG-1,True,1195
CTAGTTACCAGAGG-1,True,851
CTAGTTACCGCATA-1,True,864
CTAGTTACGAAACA-1,True,968
CTAGTTTGAGTACC-1,True,742
CTATAAGATCGTTT-1,True,845
CTATACTGAGGTTC-1,True,331
CTATACTGCCAGTA-1,True,840
CTATACTGCGCTAA-1,True,734
CTATACTGCTACGA-1,True,948
CTATACTGTCTCAT-1,True,842
CTATACTGTTCGTT-1,True,1543
CTATAGCTGTCACA-1,True,661
CTATAGCTTCGCTC-1,True,981
CTATAGCTTGCCTC-1,True,912
CTATCAACGAACTC-1,True,912
CTATCAACGCAGAG-1,True,1063
CTATCAACTTTGGG-1,True,683
CTATCCCTCCACCT-1,True,823
CTATGTACGAGAGC-1,True,996
CTATGTACGCTTAG-1,True,695
CTATGTACTGTTTC-1,True,1483
CTATGTTGAAAGCA-1,True,927
CTATGTTGTCCTCG-1,True,574
CTATGTTGTCTCGC-1,True,1052
CTATTGACAAACGA-1,True,571
CTATTGACACTGGT-1,True,1028
CTATTGACGGTGAG-1,True,1263
CTATTGTGGCAAGG-1,True,671
CTCAATTGGTTCAG-1,True,958
CTCAATTGGTTGCA-1,True,747
CTCAGAGATAGAAG-1,True,866
CTCAGCACTCTAGG-1,True,896
CTCAGCACTGAACC-1,True,489
CTCAGCACTTGCAG-1,True,643
CTCAGCTGAACCTG-1,True,923
CTCAGCTGCAGTTG-1,True,820
CTCAGCTGTTTCTG-1,True,646
CTCAGGCTCGTTGA-1,True,1466
CTCAGGCTGCTAAC-1,True,550
CTCATTGACCTTAT-1,True,1112
CTCATTGATGCTTT-1,True,1006
CTCATTGATTGCTT-1,True,303
CTCCACGAGAGATA-1,True,1448
CTCCATCTCTTAGG-1,True,727
CTCCATCTGACGAG-1,True,899
CTCCGAACAAGTGA-1,True,998
CTCCTACTGCCTTC-1,True,563
CTCGAAGATGTGGT-1,True,870
CTCGAAGATTAGGC-1,True,903
CTCGACTGCTCTAT-1,True,516
CTCGACTGGGTGAG-1,True,754
CTCGACTGGTTGAC-1,True,879
CTCGAGCTCTGGAT-1,True,588
CTCGCATGACTTTC-1,True,740
CTCGCATGCTTAGG-1,True,798
CTCTAAACCTCGAA-1,True,798
CTCTAAACGGCGAA-1,True,653
CTCTAATGTCCAAG-1,True,902
CTGAACGACAGTCA-1,True,990
CTGAACGATGAGGG-1,True,724
CTGAAGACCCAACA-1,True,953
CTGAAGACGTGCAT-1,True,891
CTGAAGTGAAGCCT-1,True,1437
CTGAAGTGCAGCTA-1,True,653
CTGAAGTGGCTATG-1,True,714
CTGAAGTGTCCAGA-1,True,956
CTGAATCTGAATAG-1,True,877
CTGACAGAATCGTG-1,True,1012
CTGACCACAGCAAA-1,True,824
CTGAGAACCGGGAA-1,True,1077
CTGAGAACGTAAAG-1,True,740
CTGATACTAGTAGA-1,True,692
CTGATTTGGTGTTG-1,True,1063
CTGCAGCTAACCGT-1,True,771
CTGCAGCTGACACT-1,True,808
CTGCAGCTGGATTC-1,True,1389
CTGCAGCTTGGCAT-1,True,1264
CTGCCAACAGGAGC-1,True,952
CTGCCAACCAGCTA-1,True,816
CTGCCAACTAACCG-1,True,795
CTGCCAACTGCTCC-1,True,795
CTGCCAACTTGCAG-1,True,760
CTGCCAACTTGCTT-1,True,886
CTGCGACTCCACCT-1,True,349
CTGGAAACAAACGA-1,True,868
CTGGAAACATCGAC-1,True,842
CTGGATGACTGGAT-1,True,819
CTGGATGACTTGTT-1,True,626
CTGGATGATGTGAC-1,True,418
CTGGCACTCAAGCT-1,True,903
CTGGCACTGGACAG-1,True,626
CTGTAACTAACCAC-1,True,838
CTGTAACTAGCGTT-1,True,723
CTGTATACGTAAAG-1,True,436
CTGTATACGTACGT-1,True,1112
CTGTATACGTTGGT-1,True,724
CTGTGAGACAACCA-1,True,1299
CTGTGAGACCTTGC-1,True,719
CTGTGAGACGAACT-1,True,843
CTGTGAGACTGTAG-1,True,1090
CTTAAAGAACCTGA-1,True,696
CTTAACACCTGTAG-1,True,885
CTTAACACGAGCTT-1,True,1144
CTTAACACTATCGG-1,True,627
CTTAAGCTACCTAG-1,True,809
CTTAAGCTAGTACC-1,True,423
CTTAAGCTCATCAG-1,True,729
CTTAAGCTCCGCTT-1,True,853
CTTAAGCTTCCTCG-1,True,713
CTTACAACTAACGC-1,True,855
CTTACAACTCCCGT-1,True,608
CTTACTGACGTACA-1,True,627
CTTAGACTAAACGA-1,True,823
CTTAGGGACTTGCC-1,True,1063
CTTAGGGAGAATCC-1,True,575
CTTATCGACTCATT-1,True,743
CTTCACCTACCTGA-1,True,1528
CTTCATGAAGCATC-1,True,681
CTTCATGAAGTACC-1,True,544
CTTCATGACCGAAT-1,True,422
CTTGAACTACGCAT-1,True,731
CTTGATTGAGGTTC-1,True,920
CTTGATTGATCTTC-1,True,761
CTTGATTGCATTCT-1,True,884
CTTGATTGTTTCGT-1,True,982
CTTGTATGACACCA-1,True,784
CTTGTATGCGCAAT-1,True,496
CTTTACGAGCGAAG-1,True,573
CTTTAGACCGTGAT-1,True,521
CTTTAGACGAGACG-1,True,663
CTTTAGACGATACC-1,True,794
CTTTAGACGTTGGT-1,True,975
CTTTAGACTCATTC-1,True,856
CTTTAGTGACGGGA-1,True,978
CTTTAGTGGGTGGA-1,True,590
CTTTCAGAGAAACA-1,True,905
CTTTGATGAGCACT-1,True,695
CTTTGATGTCTAGG-1,True,816
CTTTGATGTGTCCC-1,True,976
CTTTGATGTGTGGT-1,True,816
GAAACAGAACTACG-1,True,753
GAAACAGAATCACG-1,True,791
GAAACAGACATTCT-1,True,858
GAAACCTGATCGTG-1,True,813
GAAACCTGATGCCA-1,True,841
GAAACCTGCTTATC-1,True,1085
GAAACCTGGACTAC-1,True,1692
GAAACCTGTGCTAG-1,True,716
GAAAGATGATTTCC-1,True,955
GAAAGATGCTGATG-1,True,1467
GAAAGATGCTTCGC-1,True,741
GAAAGATGTAAGGA-1,True,296
GAAAGATGTTTGCT-1,True,540
GAAAGCCTACGTTG-1,True,738
GAAAGTGAAAGTGA-1,True,1573
GAAAGTGACCACAA-1,True,1119
GAAAGTGACTCAAG-1,True,918
GAAATACTACCAAC-1,True,283
GAAATACTCTTAGG-1,True,703
GAAATACTTCCTCG-1,True,842
GAACACACGTGCAT-1,True,1253
GAACACACTGCCTC-1,True,676
GAACAGCTAACTGC-1,True,1636
GAACAGCTCTCAGA-1,True,1273
GAACCAACCACAAC-1,True,380
GAACCAACTTCCGC-1,True,799
GAACCTGAACGTGT-1,True,1491
GAACCTGAGAGACG-1,True,878
GAACCTGATGAACC-1,True,939
GAACGGGATACTTC-1,True,725
GAACGTTGACGGAG-1,True,563
GAACTGTGACCTGA-1,True,1365
GAACTGTGCCAGTA-1,True,818
GAAGAATGCAATCG-1,True,719
GAAGCGGACCTATT-1,True,1343
GAAGCTACGAATGA-1,True,905
GAAGCTACGGTTTG-1,True,837
GAAGGGTGAAAGTG-1,True,803
GAAGGGTGCTTAGG-1,True,990
GAAGGTCTGAAAGT-1,True,1084
GAAGGTCTGTTGCA-1,True,976
GAAGGTCTTAAAGG-1,True,1630
GAAGTAGACTCCCA-1,True,795
GAAGTAGATCCAAG-1,True,1408
GAAGTCACCCTCGT-1,True,771
GAAGTCACCCTGTC-1,True,650
GAAGTCTGTCGCAA-1,True,779
GAAGTCTGTTCTGT-1,True,648
GAAGTGCTAAACGA-1,True,817
GAAGTGCTCCGCTT-1,True,1127
GAAGTGCTTAACCG-1,True,882
GAATGCACCCTAAG-1,True,954
GAATGCACCTTCGC-1,True,830
GAATGCTGCGGTAT-1,True,732
GAATGGCTAAGATG-1,True,378
GAATTAACGATAAG-1,True,783
GAATTAACGGTCAT-1,True,756
GAATTAACGTCGTA-1,True,708
GAATTAACTGAAGA-1,True,976
GACAACACAGGCGA-1,True,718
GACAACACATCGTG-1,True,887
GACAACACTCGCCT-1,True,809
GACAACTGAGGTTC-1,True,795
GACAGGGAAGAGTA-1,True,662
GACAGGGAATGCCA-1,True,912
GACAGTACGAGCTT-1,True,1550
GACAGTACTTCGGA-1,True,1509
GACAGTTGAGTAGA-1,True,1021
GACATTCTCCACCT-1,True,1751
GACCAAACGACTAC-1,True,776
GACCAAACGTATCG-1,True,910
GACCATGACTCTCG-1,True,446
GACCCTACTAAAGG-1,True,714
GACCTAGACCTCAC-1,True,530
GACCTAGACGAGAG-1,True,846
GACCTCACAAGGTA-1,True,631
GACCTCACGTACGT-1,True,1152
GACCTCTGCATCAG-1,True,1118
GACGAACTCCCACT-1,True,755
GACGATTGCCAATG-1,True,573
GACGCCGACCTTCG-1,True,1176
GACGCTCTCTCTCG-1,True,267
GACGGCACACGGGA-1,True,918
GACGGCACGAGATA-1,True,1132
GACGTAACCTATGG-1,True,849
GACGTAACCTGTGA-1,True,938
GACGTAACTATGGC-1,True,1140
GACGTATGTTGACG-1,True,909
GACGTATGTTTGCT-1,True,840
GACGTCCTACGGAG-1,True,806
GACGTCCTCTCAAG-1,True,904
GACGTCCTGATAAG-1,True,788
GACTACGATGGTCA-1,True,778
GACTCCTGCTCGCT-1,True,715
GACTCCTGGGTTAC-1,True,869
GACTCCTGTTATCC-1,True,714
GACTCCTGTTGGTG-1,True,883
GACTGAACAACCGT-1,True,332
GACTGAACCAATCG-1,True,767
GACTGATGTGATGC-1,True,858
GACTTTACATGCCA-1,True,788
GACTTTACGACAGG-1,True,553
GAGAAATGTTCTCA-1,True,634
GAGATAGAAAAAGC-1,True,1230
GAGATCACGACAAA-1,True,1131
GAGATGCTCTGGAT-1,True,849
GAGATGCTGAATGA-1,True,811
GAGCAGGATTCCCG-1,True,827
GAGCATACTTTGCT-1,True,1753
GAGCGCACGCGTAT-1,True,713
GAGCGCACGGTGAG-1,True,484
GAGCGCTGAAGATG-1,True,783
GAGCGCTGTCTTAC-1,True,722
GAGCGGCTGGGAGT-1,True,596
GAGGACGACTCAGA-1,True,514
GAGGATCTGAAAGT-1,True,372
GAGGCAGACTTGCC-1,True,925
GAGGGAACACCAGT-1,True,747
GAGGGAACGAGGGT-1,True,840
GAGGGATGGGAAAT-1,True,673
GAGGGCCTTCACCC-1,True,955
GAGGGTGAAGAGTA-1,True,796
GAGGTACTACGGTT-1,True,719
GAGGTACTACTCAG-1,True,718
GAGGTACTGACACT-1,True,857
GAGGTACTGGGAGT-1,True,578
GAGGTACTTAGCGT-1,True,1063
GAGGTGGAGTACGT-1,True,594
GAGGTGGATCCTCG-1,True,997
GAGGTTACTCGTTT-1,True,1268
GAGGTTTGTAAGCC-1,True,341
GAGTCAACCATTCT-1,True,388
GAGTCAACGGGAGT-1,True,753
GAGTCTGATCGTGA-1,True,834
GAGTCTGATTTGGG-1,True,593
GAGTGACTCAGCTA-1,True,1189
GAGTGACTCGGTAT-1,True,911
GAGTGACTCTTGCC-1,True,738
GAGTGACTGACTAC-1,True,476
GAGTGACTGTCTAG-1,True,816
GAGTGGGAGTCTTT-1,True,641
GAGTGGGATGCCCT-1,True,746
GAGTGGGATGCTGA-1,True,635
GAGTGTTGCTGTAG-1,True,953
GAGTGTTGTGGTCA-1,True,801
GAGTTGTGCATGGT-1,True,326
GAGTTGTGCTGAGT-1,True,849
GAGTTGTGGCGAGA-1,True,499
GAGTTGTGGTAGCT-1,True,865
GAGTTGTGTATGCG-1,True,1420
GATAAGGAGAAACA-1,True,487
GATAAGGATTCACT-1,True,876
GATACTCTATCGGT-1,True,797
GATACTCTTACTTC-1,True,981
GATACTCTTGACTG-1,True,756
GATAGAGAAGGGTG-1,True,850
GATAGAGACTGTGA-1,True,1097
GATAGAGATCACGA-1,True,998
GATAGCACCCATAG-1,True,829
GATAGCACGAAGGC-1,True,1159
GATAGCACTTGTCT-1,True,955
GATATAACAAGGTA-1,True,1061
GATATAACACGCAT-1,True,696
GATATATGCTGGAT-1,True,786
GATATATGTCCGTC-1,True,743
GATATATGTGGAGG-1,True,1211
GATATCCTAGAAGT-1,True,893
GATATCCTCCCGTT-1,True,491
GATATTGACAGGAG-1,True,744
GATATTGACGAGTT-1,True,1447
GATATTGAGCCAAT-1,True,767
GATCCCTGACCTTT-1,True,1050
GATCCCTGTGTAGC-1,True,853
GATCCGCTGGTCAT-1,True,1118
GATCGAACCGAGAG-1,True,1428
GATCGATGACTAGC-1,True,555
GATCGATGGTAAAG-1,True,612
GATCGATGTAAGGA-1,True,854
GATCGTGACACTAG-1,True,789
GATCGTGATTCACT-1,True,889
GATCTACTGGTGAG-1,True,784
GATCTACTTTGCAG-1,True,712
GATCTTACACCCAA-1,True,1323
GATCTTACCCTACC-1,True,921
GATCTTACGAATAG-1,True,682
GATCTTACGAGATA-1,True,794
GATGCAACTCCAGA-1,True,846
GATGCCCTACGTAC-1,True,1012
GATGCCCTCTCATT-1,True,839
GATGCCCTGGCAAG-1,True,807
GATGCCCTTTTGCT-1,True,587
GATTACCTTGTTCT-1,True,881
GATTCGGAACGACT-1,True,781
GATTCGGACAGGAG-1,True,1010
GATTCGGAGAAGGC-1,True,1182
GATTCTTGATTCGG-1,True,1149
GATTCTTGCCGATA-1,True,812
GATTCTTGCGAGTT-1,True,607
GATTGGACCCGTTC-1,True,1155
GATTGGACGGTGTT-1,True,714
GATTGGACTTTCGT-1,True,642
GATTGGTGTGTCAG-1,True,1088
GATTTAGACACTCC-1,True,1291
GATTTAGACTAAGC-1,True,1196
GATTTAGATTCGTT-1,True,325
GATTTGCTAACGAA-1,True,804
GATTTGCTAACGGG-1,True,370
GCAACCCTCCTCGT-1,True,359
GCAACTGATTGCGA-1,True,855
GCAAGACTACTGGT-1,True,1165
GCAAGACTAGGTCT-1,True,836
GCAAGACTCCCTTG-1,True,923
GCAATCGACTGCAA-1,True,863
GCAATCGAGACGTT-1,True,1284
GCAATCGATCCTTA-1,True,1011
GCAATTCTCGTGTA-1,True,889
GCAATTCTTCTCCG-1,True,984
GCACAAACAATGCC-1,True,512
GCACAAACGGTACT-1,True,939
GCACAATGGTGCAT-1,True,883
GCACACCTGTGCTA-1,True,697
GCACCACTCATGAC-1,True,1211
GCACCACTGTTTGG-1,True,362
GCACCACTTCCTTA-1,True,969
GCACCACTTTCGGA-1,True,1135
GCACCTACGCGATT-1,True,1239
GCACCTTGGCTGTA-1,True,580
GCACCTTGGGGAGT-1,True,1103
GCACGGACCAGCTA-1,True,975
GCACGGTGACCTCC-1,True,825
GCACGGTGCTATGG-1,True,1170
GCACTAGAACGGGA-1,True,921
GCACTAGAAGATGA-1,True,640
GCACTAGACCTTTA-1,True,1180
GCACTAGACGTAAC-1,True,378
GCACTAGAGTCGTA-1,True,982
GCACTAGATGCAAC-1,True,916
GCACTGCTGAGGCA-1,True,1122
GCAGATACAGCGTT-1,True,792
GCAGATACGACGGA-1,True,619
GCAGATACGCAGAG-1,True,750
GCAGCCGACAGTCA-1,True,913
GCAGCGTGCACTCC-1,True,775
GCAGCTCTCAATCG-1,True,661
GCAGCTCTGTTTCT-1,True,766
GCAGGGCTAAGAAC-1,True,768
GCAGGGCTAAGGGC-1,True,675
GCAGGGCTATCGAC-1,True,944
GCAGGGCTTGGGAG-1,True,940
GCAGTCCTAACTGC-1,True,761
GCAGTCCTCTCTTA-1,True,727
GCATCAGATGCGTA-1,True,767
GCATGTGACAAGCT-1,True,873
GCATTGGAGAAGGC-1,True,1043
GCCAAAACGAGGCA-1,True,850
GCCAAATGATCGAC-1,True,995
GCCAACCTACGGTT-1,True,680
GCCAACCTCGCCTT-1,True,595
GCCACGGAGGCGAA-1,True,700
GCCACGGATACTGG-1,True,753
GCCACTACCTACTT-1,True,682
GCCACTACGTCTTT-1,True,736
GCCCAACTACCGAT-1,True,891
GCCCAACTATGGTC-1,True,685
GCCCATACAGCGTT-1,True,780
GCCGACGAACTCTT-1,True,986
GCCGAGTGCGTTGA-1,True,989
GCCGGAACGAACTC-1,True,830
GCCGGAACGTTCTT-1,True,810
GCCGGAACTGCACA-1,True,685
GCCGGAACTTACTC-1,True,784
GCCGTACTACCTGA-1,True,642
GCCGTACTGGCAAG-1,True,742
GCCTACACAGTTCG-1,True,961
GCCTACACCACTGA-1,True,906
GCCTACACCTTGAG-1,True,829
GCCTAGCTACGGAG-1,True,621
GCCTAGCTCTATTC-1,True,822
GCCTAGCTTCTCAT-1,True,717
GCCTAGCTTCTCTA-1,True,1210
GCCTCAACCATGGT-1,True,800
GCCTCAACTCTTTG-1,True,1963
GCCTCATGTCTTAC-1,True,749
GCCTGACTCTCAAG-1,True,757
GCGAAGGAACTCTT-1,True,570
GCGAAGGAGAGCTT-1,True,2710
GCGAAGGATGCCAA-1,True,831
GCGAGAGAGGGACA-1,True,721
GCGAGCACTGTCGA-1,True,336
GCGAGCACTTGACG-1,True,802
GCGAGCACTTGCTT-1,True,1001
GCGATATGGTACGT-1,True,886
GCGATATGGTGTTG-1,True,631
GCGCACGAAGTCGT-1,True,759
GCGCACGACTTTAC-1,True,631
GCGCATCTAGGTCT-1,True,550
GCGCATCTGGTTAC-1,True,984
GCGCATCTTCGATG-1,True,767
GCGCATCTTGCTCC-1,True,835
GCGCATCTTTCTAC-1,True,777
GCGCGAACGTTCTT-1,True,639
GCGCGATGAACGGG-1,True,860
GCGCGATGGTGCAT-1,True,1413
GCGGAGCTCCTGAA-1,True,747
GCGGCAACCCGATA-1,True,779
GCGGCAACGGAGGT-1,True,540
GCGGCAACTGTCGA-1,True,367
GCGTAAACACGGTT-1,True,1629
GCGTAATGCACCAA-1,True,1380
GCGTATGAACACCA-1,True,689
GCGTATGATGAGAA-1,True,1001
GCTACAGAAAGGTA-1,True,809
GCTACAGAATCTTC-1,True,337
GCTACAGATCTTAC-1,True,734
GCTACCTGAGAAGT-1,True,1103
GCTACCTGATCACG-1,True,796
GCTACGCTAGAATG-1,True,966
GCTACGCTAGCTAC-1,True,782
GCTACGCTCCCTAC-1,True,1018
GCTAGAACAGAGGC-1,True,642
GCTAGAACGGATCT-1,True,967
GCTAGAACTCCCGT-1,True,436
GCTAGATGAGCTCA-1,True,826
GCTAGATGGCGATT-1,True,779
GCTATACTAAGGCG-1,True,1000
GCTATACTAGCGTT-1,True,601
GCTATACTCTCTTA-1,True,796
GCTATACTGGACGA-1,True,945
GCTCAAGAACCATG-1,True,1679
GCTCAAGAAGTCAC-1,True,1123
GCTCAGCTGTCTAG-1,True,596
GCTCCATGAGAAGT-1,True,995
GCTCCATGCCGAAT-1,True,720
GCTCGACTCTAGTG-1,True,588
GCTGATGAGGTATC-1,True,759
GCTTAACTACAGTC-1,True,452
GCTTAACTACTGGT-1,True,780
GCTTAACTGCTGAT-1,True,836
GCTTAACTTAGACC-1,True,515
GCTTAACTTCAGTG-1,True,846
GGAACACTCACTTT-1,True,392
GGAACACTTCAGAC-1,True,283
GGAACTACTACTTC-1,True,710
GGAACTTGAAGGTA-1,True,1158
GGAACTTGAGAATG-1,True,796
GGAACTTGCTCCAC-1,True,895
GGAACTTGGGTAGG-1,True,585
GGAAGGACATCGGT-1,True,559
GGAAGGACCACTAG-1,True,859
GGAAGGACGAGGGT-1,True,879
GGAAGGACGCGAAG-1,True,858
GGAAGGTGGCGAGA-1,True,842
GGAATCTGAAGGGC-1,True,643
GGAATCTGAGGAGC-1,True,1308
GGAATCTGCTTAGG-1,True,595
GGAATCTGCTTGTT-1,True,1181
GGAATCTGGGAGGT-1,True,909
GGAATGCTTTCTAC-1,True,710
GGACAGGAAAGGGC-1,True,821
GGACAGGAGTGCTA-1,True,817
GGACAGGATCTCGC-1,True,841
GGACCCGAAGCTAC-1,True,1197
GGACCGTGCTTACT-1,True,640
GGACCGTGGGAACG-1,True,1425
GGACCGTGTAACGC-1,True,947
GGACCTCTGTAAGA-1,True,900
GGACCTCTTTTCTG-1,True,852
GGACGAGAGTGTCA-1,True,460
GGACGCTGACGCAT-1,True,1100
GGACGCTGCTAGCA-1,True,824
GGACGCTGTCCTCG-1,True,780
GGAGAGACGTGAGG-1,True,932
GGAGCAGATTCAGG-1,True,542
GGAGCCACCTTCTA-1,True,1137
GGAGCGCTACGCAT-1,True,1225
GGAGCGCTCCGAAT-1,True,997
GGAGGATGCCACCT-1,True,572
GGAGGATGGTTGAC-1,True,780
GGAGGATGTCAGTG-1,True,765
GGAGGCCTCGTTGA-1,True,906
GGAGGCCTTTCTTG-1,True,793
GGAGGTGATACGCA-1,True,753
GGAGGTGATCGCTC-1,True,772
GGATACTGCAGCTA-1,True,854
GGATACTGTCTAGG-1,True,936
GGATAGCTCGTCTC-1,True,1048
GGATAGCTCTGAAC-1,True,819
GGATGTACCAAAGA-1,True,645
GGATGTACGCGAAG-1,True,619
GGATGTACGTCTTT-1,True,314
GGATGTACGTGTCA-1,True,726
GGATTTCTAGGTTC-1,True,737
GGATTTCTTTGTCT-1,True,1162
GGCAAGGAAAAAGC-1,True,1081
GGCAAGGAAGAAGT-1,True,868
GGCAAGGACTTGGA-1,True,1032
GGCAAGGAGGACTT-1,True,913
GGCAATACGCTAAC-1,True,476
GGCAATACGGCATT-1,True,490
GGCAATACGTTTCT-1,True,799
GGCACGTGGCTTAG-1,True,1201
GGCACGTGTGAGAA-1,True,2694
GGCACTCTTTTGTC-1,True,997
GGCATATGCTTATC-1,True,898
GGCATATGGGGAGT-1,True,212
GGCATATGTGTGAC-1,True,1586
GGCCACGACAGAGG-1,True,427
GGCCAGACTGGTTG-1,True,947
GGCCCAGAAAGTAG-1,True,937
GGCCGAACAACGAA-1,True,724
GGCCGAACGCAGAG-1,True,380
GGCCGAACGTAGGG-1,True,715
GGCCGAACTCTAGG-1,True,739
GGCCGATGCAGGAG-1,True,931
GGCCGATGCCGAAT-1,True,973
GGCCGATGTACTCT-1,True,773
GGCGACACTGCCCT-1,True,1497
GGCGACTGCGTAAC-1,True,906
GGCGCATGCCTAAG-1,True,798
GGCGCATGCTCCAC-1,True,953
GGCGCATGTGGAAA-1,True,471
GGCGGACTAGAGGC-1,True,821
GGCGGACTAGGAGC-1,True,806
GGCGGACTCTGACA-1,True,714
GGCGGACTCTTGGA-1,True,828
GGCGGACTTACTGG-1,True,727
GGCGGACTTGAACC-1,True,773
GGCTAAACACCTGA-1,True,976
GGCTAAACTCTTAC-1,True,856
GGCTAATGAGCACT-1,True,727
GGCTAATGGTCTAG-1,True,761
GGCTCACTACTCAG-1,True,1084
GGGAACGAAGCTCA-1,True,1557
GGGAACGACACAAC-1,True,693
GGGAACGAGTGTCA-1,True,559
GGGAAGTGTTGAGC-1,True,627
GGGACCACACGTTG-1,True,795
GGGACCACAGAACA-1,True,750
GGGACCACGAATAG-1,True,838
GGGACCACGTCATG-1,True,803
GGGACCACTCAAGC-1,True,453
GGGACCACTCGTGA-1,True,734
GGGACCACTGCATG-1,True,607
GGGACCTGACCCTC-1,True,1029
GGGACCTGCTTGCC-1,True,805
GGGACCTGTGGAGG-1,True,669
GGGATGGACGACAT-1,True,505
GGGATGGATACTTC-1,True,858
GGGATGGATGGTTG-1,True,832
GGGATTACGTCTAG-1,True,1019
GGGCAAGATGCATG-1,True,585
GGGCACACGGTGAG-1,True,1225
GGGCACACGTTGCA-1,True,1287
GGGCAGCTTGGGAG-1,True,903
GGGCAGCTTTTCTG-1,True,752
GGGCCAACCTTGGA-1,True,2020
GGGCCAACGCGTTA-1,True,774
GGGCCAACTACGCA-1,True,666
GGGCCAACTCCAAG-1,True,843
GGGCCATGATGGTC-1,True,857
GGGCCATGTTGACG-1,True,887
GGGTAACTCAGCTA-1,True,1082
GGGTAACTCTAGTG-1,True,656
GGGTAACTCTGGAT-1,True,674
GGGTTAACGTGCAT-1,True,911
GGTAAAGAGCTAAC-1,True,734
GGTACAACTGCAAC-1,True,910
GGTACATGAAAGCA-1,True,672
GGTACATGAGCTCA-1,True,802
GGTACATGCGGTAT-1,True,539
GGTACATGGTTACG-1,True,699
GGTACATGTGGGAG-1,True,941
GGTACTGAACTCTT-1,True,828
GGTAGTACACCACA-1,True,800
GGTAGTACACTAGC-1,True,642
GGTAGTACCCTGTC-1,True,733
GGTAGTACGCCATA-1,True,607
GGTAGTACTGTCTT-1,True,992
GGTATCGAGACAAA-1,True,379
GGTATCGATGAACC-1,True,562
GGTCAAACCAAAGA-1,True,847
GGTCTAGAGAAACA-1,True,787
GGTCTAGATAGCGT-1,True,1461
GGTGATACCGACTA-1,True,732
GGTGATACGACTAC-1,True,941
GGTGATACTGTTTC-1,True,785
GGTGGAGAAACGGG-1,True,696
GGTGGAGAAGTAGA-1,True,795
GGTGGAGACAGATC-1,True,809
GGTGGAGATCGATG-1,True,828
GGTGGAGATCTCTA-1,True,651
GGTGGAGATTACTC-1,True,882
GGTTTACTACGCAT-1,True,972
GTAACGTGACCTCC-1,True,1323
GTAACGTGATCGGT-1,True,679
GTAACGTGCAGCTA-1,True,774
GTAACGTGGTTGAC-1,True,784
GTAAGCACAACGGG-1,True,766
GTAAGCACTCATTC-1,True,520
GTAAGCTGGTACCA-1,True,671
GTAATAACCTTCTA-1,True,796
GTAATAACGTTGTG-1,True,644
GTACCCTGACAGTC-1,True,1549
GTACCCTGGAGCTT-1,True,756
GTACCCTGTCCTTA-1,True,723
GTACCCTGTGAACC-1,True,788
GTACGTGAACGTTG-1,True,643
GTACTTTGTCGACA-1,True,856
GTAGACTGAGATGA-1,True,825
GTAGACTGTATTCC-1,True,730
GTAGCAACAGTCGT-1,True,831
GTAGCAACCATTTC-1,True,653
GTAGCAACGGTAGG-1,True,429
GTAGCATGCACTCC-1,True,641
GTAGCATGTAAGCC-1,True,637
GTAGCCCTGACGTT-1,True,812
GTAGCTGAAGCTAC-1,True,1527
GTAGCTGAATTCGG-1,True,859
GTAGGTACACGGGA-1,True,972
GTAGTGACCTCATT-1,True,744
GTAGTGTGAGCGGA-1,True,869
GTAGTGTGAGGCGA-1,True,508
GTAGTGTGTGGTTG-1,True,624
GTATCACTGGTAGG-1,True,923
GTATCTACAGAAGT-1,True,976
GTATCTACGACGAG-1,True,801
GTATCTACGTTACG-1,True,1014
GTATTAGAAACAGA-1,True,1429
GTATTAGAGGTCTA-1,True,586
GTATTCACACAGCT-1,True,692
GTATTCACGGGTGA-1,True,704
GTCAACGACACTGA-1,True,1176
GTCAACGAGTGTAC-1,True,806
GTCAACGATCAGGT-1,True,324
GTCAATCTACACCA-1,True,883
GTCAATCTGTAGCT-1,True,1249
GTCAATCTTGTGGT-1,True,765
GTCACCTGCCTCCA-1,True,743
GTCACCTGTCCCGT-1,True,907
GTCATACTAATCGC-1,True,666
GTCATACTGCGATT-1,True,669
GTCATACTTCGCCT-1,True,364
GTCATACTTTACCT-1,True,794
GTCATACTTTGACG-1,True,959
GTCCAAGAAAAACG-1,True,766
GTCCACTGACCTCC-1,True,937
GTCCACTGGGTACT-1,True,1398
GTCCAGCTACGGGA-1,True,942
GTCCCATGTGGTGT-1,True,1469
GTCGAATGAAGGCG-1,True,905
GTCGACCTGAATGA-1,True,812
GTCGACCTGTTCAG-1,True,572
GTCGCACTTGAGAA-1,True,1378
GTCTAACTGGTCTA-1,True,1058
GTCTAGGAGCTTCC-1,True,1215
GTGAACACACTCTT-1,True,697
GTGAACACAGATCC-1,True,424
GTGAACACTCAGGT-1,True,531
GTGACCCTTAAGCC-1,True,676
GTGATGACAAGTGA-1,True,1819
GTGATGACCTGAGT-1,True,503
GTGATGACGGTTTG-1,True,801
GTGATTCTCATTTC-1,True,943
GTGATTCTCTCTCG-1,True,874
GTGATTCTGGTTCA-1,True,813
GTGATTCTGTCGAT-1,True,694
GTGATTCTTAGCGT-1,True,494
GTGCCACTCAGGAG-1,True,660
GTGGATTGCACTAG-1,True,1467
GTGGATTGCGGAGA-1,True,976
GTGGATTGTAACGC-1,True,833
GTGTACGATCAGTG-1,True,689
GTGTAGTGGGTACT-1,True,921
GTGTATCTAGCCTA-1,True,625
GTGTATCTAGTAGA-1,True,1428
GTGTATCTGTTACG-1,True,817
GTGTCAGAAGCGTT-1,True,909
GTGTCAGAATGCTG-1,True,326
GTTAAAACCGAGAG-1,True,956
GTTAAAACTTCGCC-1,True,676
GTTAAATGCTCGAA-1,True,765
GTTAAATGTCGACA-1,True,1207
GTTAACCTAGCTAC-1,True,829
GTTAACCTTGCTTT-1,True,1648
GTTAGGTGCACTCC-1,True,554
GTTAGGTGCCAGTA-1,True,1500
GTTAGGTGCCCAAA-1,True,953
GTTAGGTGGAACTC-1,True,647
GTTAGTCTAAGAAC-1,True,537
GTTATAGAGGACAG-1,True,786
GTTATGCTTTCATC-1,True,814
GTTCAACTGGGACA-1,True,761
GTTCAACTTATGCG-1,True,862
GTTGACGAGCCCTT-1,True,838
GTTGACGATATCGG-1,True,1102
GTTGAGTGGTCTTT-1,True,1392
GTTGAGTGTGCTTT-1,True,1042
GTTGATCTGGGACA-1,True,372
GTTGATCTTTTCAC-1,True,971
GTTGGATGTTTACC-1,True,1364
GTTGTACTATTCCT-1,True,1137
GTTGTACTTTTGGG-1,True,847
GTTTAAGACCATGA-1,True,935
GTTTAAGACTGTCC-1,True,710
TAAACAACCAACCA-1,True,1070
TAAACAACGAATCC-1,True,914
TAAAGACTCAGGAG-1,True,855
TAAATCGATGAGGG-1,True,759
TAACAATGTGCCCT-1,True,654
TAACACCTTCGCTC-1,True,981
TAACACCTTCGTAG-1,True,1193
TAACACCTTGTTTC-1,True,397
TAACATGACACTAG-1,True,1123
TAACCGGACTTACT-1,True,616
TAACGTCTCAACCA-1,True,747
TAACGTCTCATTGG-1,True,876
TAACTAGAATTTCC-1,True,949
TAACTAGACTTAGG-1,True,965
TAACTAGATCTGGA-1,True,789
TAACTCACGAGGAC-1,True,752
TAACTCACGTACAC-1,True,717
TAACTCACGTATCG-1,True,1198
TAACTCACTCTACT-1,True,952
TAAGAACTGTGTCA-1,True,625
TAAGAGGACTAAGC-1,True,784
TAAGAGGACTTGTT-1,True,914
TAAGATACCCACAA-1,True,534
TAAGATACGGTTCA-1,True,659
TAAGATTGCGTAGT-1,True,913
TAAGATTGTTGCTT-1,True,863
TAAGCGTGAGGTTC-1,True,959
TAAGCGTGGACAAA-1,True,1637
TAAGCGTGGGAAAT-1,True,796
TAAGCGTGTGCTCC-1,True,1508
TAAGGCTGCCATGA-1,True,906
TAAGGCTGCTGCTC-1,True,714
TAAGGCTGTCTCGC-1,True,1195
TAAGGGCTGCTGTA-1,True,867
TAAGGGCTTTACTC-1,True,819
TAAGTAACCGAGAG-1,True,375
TAAGTAACCTCCAC-1,True,656
TAAGTAACCTGTAG-1,True,1047
TAAGTAACTTGTCT-1,True,745
TAATGATGAGCGGA-1,True,866
TAATGCCTCATGAC-1,True,1186
TAATGCCTCGTCTC-1,True,1669
TAATGTGAAGATGA-1,True,539
TAATGTGACTGCAA-1,True,942
TAATGTGATTACTC-1,True,839
TACAAATGGGTACT-1,True,927
TACAATGAAAACAG-1,True,796
TACAATGACTTAGG-1,True,734
TACAATGATGCTAG-1,True,831
TACACACTCACACA-1,True,967
TACACACTCTTACT-1,True,620
TACATAGAACGCAT-1,True,814
TACATCACACGGGA-1,True,605
TACATCACCTGTTT-1,True,1391
TACATCACGCTAAC-1,True,655
TACATCACTGAACC-1,True,1512
TACCATTGAGGTTC-1,True,625
TACCATTGCGGGAA-1,True,719
TACCATTGGGGATG-1,True,547
TACCATTGTGAGGG-1,True,864
TACCGGCTGTTGGT-1,True,902
TACGAGTGATCTCT-1,True,853
TACGAGTGATGCTG-1,True,1143
TACGAGTGCGGAGA-1,True,990
TACGAGTGGTTGGT-1,True,858
TACGATCTAGTGTC-1,True,604
TACGATCTCACTGA-1,True,1291
TACGATCTTACGAC-1,True,701
TACGCAGACGTCTC-1,True,340
TACGCAGAGAATCC-1,True,859
TACGCCACATTCCT-1,True,768
TACGCCACTCCCAC-1,True,1621
TACGCCACTCCGAA-1,True,715
TACGCGCTCTTCTA-1,True,642
TACGGAACGCGTTA-1,True,594
TACGGCCTGGGACA-1,True,783
TACGGCCTGTCCTC-1,True,419
TACGTACTACGGAG-1,True,1608
TACGTACTCAGTTG-1,True,927
TACGTACTCCCGTT-1,True,740
TACGTTACAGAAGT-1,True,805
TACGTTACCAAGCT-1,True,705
TACTAAGAAAGGTA-1,True,491
TACTAAGAATCACG-1,True,514
TACTAAGATGATGC-1,True,768
TACTAAGATTGCGA-1,True,880
TACTACACGAGAGC-1,True,993
TACTACACTTACCT-1,True,356
TACTACTGAACCTG-1,True,748
TACTACTGATGTCG-1,True,993
TACTACTGATTCTC-1,True,801
TACTACTGTATGGC-1,True,843
TACTCAACGGTCTA-1,True,1194
TACTCAACTGCTAG-1,True,794
TACTCCCTCAGTTG-1,True,606
TACTCTGAATCGAC-1,True,810
TACTCTGACGAGTT-1,True,882
TACTCTGATTGACG-1,True,682
TACTGGGATCGATG-1,True,1126
TACTGTTGAAAGCA-1,True,792
TACTGTTGAGGCGA-1,True,829
TACTGTTGCTGAAC-1,True,1657
TACTTGACTCCTCG-1,True,786
TACTTGACTGGTGT-1,True,610
TACTTTCTTTTGGG-1,True,664
TAGAAACTAATCGC-1,True,790
TAGAAACTGCTTCC-1,True,852
TAGAAACTGGGATG-1,True,678
TAGAATTGCGACAT-1,True,589
TAGAATTGTATCGG-1,True,930
TAGACGTGCTTGAG-1,True,690
TAGACGTGTCGCTC-1,True,840
TAGAGCACCTTACT-1,True,647
TAGATTGACTTGTT-1,True,622
TAGATTGAGGCATT-1,True,427
TAGCATCTCAGCTA-1,True,856
TAGCATCTCCCTCA-1,True,522
TAGCATCTGCTGTA-1,True,1262
TAGCATCTGGGACA-1,True,722
TAGCATCTTGTCGA-1,True,641
TAGCCCACAAAAGC-1,True,997
TAGCCCACAGCCAT-1,True,983
TAGCCCACAGCTAC-1,True,1099
TAGCCCACCCACAA-1,True,607
TAGCCCTGCGGAGA-1,True,704
TAGCCGCTTACGAC-1,True,947
TAGCCGCTTACTTC-1,True,886
TAGCCGCTTTCCAT-1,True,1062
TAGCTACTGAATAG-1,True,659
TAGCTACTGTAGCT-1,True,995
TAGCTACTTTTGCT-1,True,492
TAGGACTGTGCTGA-1,True,754
TAGGAGCTAAGGCG-1,True,676
TAGGAGCTGAGGGT-1,True,837
TAGGAGCTTGCATG-1,True,532
TAGGCAACCGTCTC-1,True,598
TAGGCATGCTCTCG-1,True,1274
TAGGCATGGCGAGA-1,True,921
TAGGCTGATGCCTC-1,True,700
TAGGGACTGAACTC-1,True,828
TAGGTCGACACTGA-1,True,828
TAGGTCGAGGATCT-1,True,543
TAGGTGACACACTG-1,True,815
TAGGTGACACGTTG-1,True,709
TAGGTGTGTTCTGT-1,True,842
TAGGTTCTGAAGGC-1,True,1200
TAGGTTCTTCTTAC-1,True,1126
TAGGTTCTTGCTGA-1,True,1327
TAGTAAACCTCGCT-1,True,849
TAGTAAACGTCACA-1,True,1160
TAGTAATGAGATCC-1,True,707
TAGTACCTAAGAAC-1,True,675
TAGTATGATCTTAC-1,True,709
TAGTATGATTCTCA-1,True,990
TAGTCTTGGCTGTA-1,True,270
TAGTCTTGGGACTT-1,True,445
TAGTCTTGTGGAAA-1,True,892
TAGTGGTGAAGTGA-1,True,1040
TAGTTAGAACCACA-1,True,832
TAGTTAGATGAACC-1,True,815
TATAAGACAACAGA-1,True,437
TATAAGACAGCTCA-1,True,1401
TATAAGTGACACCA-1,True,1341
TATAAGTGTATCGG-1,True,480
TATAAGTGTGGTGT-1,True,1517
TATACAGAACCCTC-1,True,704
TATACAGAAGAACA-1,True,622
TATACAGATCCAGA-1,True,823
TATACCACCTGATG-1,True,731
TATACGCTACCAAC-1,True,781
TATAGATGGACGGA-1,True,849
TATAGATGTTCCGC-1,True,1209
TATCACTGACTGTG-1,True,511
TATCCAACCAGCTA-1,True,472
TATCCAACTCTCTA-1,True,838
TATCGACTACTAGC-1,True,643
TATCGACTCGATAC-1,True,1101
TATCGTACAGATGA-1,True,879
TATCGTACATTCCT-1,True,895
TATCTCGAGAGATA-1,True,408
TATCTGACAGGTTC-1,True,832
TATCTGACTGTTTC-1,True,845
TATCTTCTAAACAG-1,True,928
TATGAATGGAGGAC-1,True,920
TATGAATGTTTGCT-1,True,1269
TATGCGGATAACCG-1,True,652
TATGGGTGCATCAG-1,True,1463
TATGGGTGCTAGCA-1,True,840
TATGGTCTCTACCC-1,True,706
TATGTCACGGAACG-1,True,956
TATGTCACTAACCG-1,True,1219
TATGTCACTTCTCA-1,True,612
TATGTGCTCCGATA-1,True,970
TATGTGCTGGATTC-1,True,789
TATTGCTGAAGAAC-1,True,382
TATTGCTGCCGTTC-1,True,533
TATTGCTGTCTGGA-1,True,627
TATTGCTGTGCACA-1,True,388
TATTTCCTATTGGC-1,True,655
TATTTCCTGGAGGT-1,True,1103
TATTTCCTGGTGTT-1,True,782
TCAACACTGTTTGG-1,True,1231
TCAAGGACAGCGTT-1,True,617
TCAAGGACATTCTC-1,True,589
TCAAGGACGGTGTT-1,True,758
TCAATCACACTCTT-1,True,882
TCAATCACAGTCGT-1,True,909
TCACAACTATGTGC-1,True,661
TCACAACTTTGCTT-1,True,558
TCACATACACTTTC-1,True,947
TCACATACAGGGTG-1,True,491
TCACCCGAGACGGA-1,True,1386
TCACCGTGCTCGCT-1,True,1481
TCACCTCTACGACT-1,True,823
TCACCTCTTCCAAG-1,True,1064
TCACGAGAGGAGGT-1,True,681
TCACTATGGGGCAA-1,True,652
TCACTATGGTTGTG-1,True,363
TCAGACGACGCTAA-1,True,824
TCAGACGACGTTAG-1,True,933
TCAGAGACTCCAGA-1,True,611
TCAGCAGACTCCAC-1,True,886
TCAGCGCTCTAGTG-1,True,806
TCAGCGCTGGATCT-1,True,531
TCAGCGCTGGTATC-1,True,864
TCAGGATGAAGTAG-1,True,648
TCAGGATGCCTTTA-1,True,1142
TCAGTGGAAGATCC-1,True,736
TCAGTTACCTACGA-1,True,955
TCAGTTACTAGAAG-1,True,826
TCATCAACCCGATA-1,True,725
TCATCAACTGTTCT-1,True,1174
TCATCATGCAGTTG-1,True,841
TCATCCCTTACTGG-1,True,1006
TCATTCGATACAGC-1,True,1418
TCCACGTGGAAACA-1,True,955
TCCACTCTACACTG-1,True,829
TCCACTCTGAGCTT-1,True,1038
TCCACTCTTACTTC-1,True,632
TCCATAACAAAGTG-1,True,750
TCCATAACCGTAGT-1,True,846
TCCATAACGATGAA-1,True,1033
TCCATAACTACGCA-1,True,859
TCCATCCTCCCTAC-1,True,890
TCCCACGATCATTC-1,True,893
TCCCATCTCAAAGA-1,True,1030
TCCCGAACACAGTC-1,True,913
TCCCGAACTTCGCC-1,True,1385
TCCCGATGAGATCC-1,True,750
TCCCGATGCCTGAA-1,True,416
TCCCGATGCTGTGA-1,True,740
TCCCTACTCAACTG-1,True,703
TCCGAAGACAATCG-1,True,522
TCCGAAGACGTTAG-1,True,856
TCCGGACTGAGGTG-1,True,914
TCCGGACTGTACGT-1,True,742
TCCTAAACATCGAC-1,True,381
TCCTAAACCGAGAG-1,True,1079
TCCTAAACCGCATA-1,True,671
TCCTAATGGTTTGG-1,True,1101
TCCTACCTGTCGTA-1,True,858
TCCTATGAAAAGCA-1,True,663
TCGAATCTCTGGTA-1,True,581
TCGACCTGCCGATA-1,True,845
TCGACGCTTCTATC-1,True,881
TCGACGCTTTGACG-1,True,823
TCGAGAACGACAGG-1,True,835
TCGAGAACGTTAGC-1,True,1290
TCGAGCCTATCAGC-1,True,598
TCGAGCCTGCGAGA-1,True,1130
TCGAGCCTTGTGAC-1,True,793
TCGATACTATTCCT-1,True,838
TCGATACTTGCACA-1,True,765
TCGATTTGATGCCA-1,True,768
TCGATTTGCACTCC-1,True,815
TCGATTTGCAGCTA-1,True,810
TCGATTTGCCTACC-1,True,912
TCGATTTGTCGTGA-1,True,818
TCGCACACCATCAG-1,True,468
TCGCAGCTAGATCC-1,True,790
TCGCCATGAGACTC-1,True,665
TCGCCATGTGGTCA-1,True,703
TCGGACCTAACAGA-1,True,875
TCGGACCTATAAGG-1,True,657
TCGGACCTGTACAC-1,True,1567
TCGGTAGAGTAGGG-1,True,688
TCGGTAGATCCCAC-1,True,749
TCGTAGGATCGACA-1,True,1076
TCGTGAGAACTGTG-1,True,326
TCGTTATGGACAAA-1,True,782
TCTAACACCAGTTG-1,True,543
TCTAACACGAGCAG-1,True,1100
TCTAACTGAACCAC-1,True,841
TCTAAGCTAATGCC-1,True,809
TCTAAGCTTAGTCG-1,True,789
TCTAAGCTTCTAGG-1,True,1263
TCTAAGCTTGTTCT-1,True,758
TCTAAGCTTTCGCC-1,True,368
TCTACAACGACTAC-1,True,1022
TCTAGACTTAGAAG-1,True,730
TCTAGTTGCACCAA-1,True,1101
TCTATGTGAAGAGT-1,True,478
TCTATGTGAGTCTG-1,True,488
TCTCAAACCTAAGC-1,True,618
TCTCTAGAATTTCC-1,True,940
TCTGATACACGTGT-1,True,771
TCTGATACTCGCCT-1,True,784
TCTTACGAACCTGA-1,True,847
TCTTCAGAGCTACA-1,True,1303
TCTTGATGCGGAGA-1,True,821
TGAAATTGGTGAGG-1,True,1111
TGAACCGAAAACGA-1,True,752
TGAACCGACTACTT-1,True,1128
TGAACCGATTCGGA-1,True,958
TGAAGCACTCACGA-1,True,742
TGAAGCTGAACGAA-1,True,782
TGAAGCTGAGACTC-1,True,279
TGAAGCTGCATGGT-1,True,824
TGAAGCTGCGTAAC-1,True,751
TGAATAACCACTTT-1,True,872
TGAATAACTCCCAC-1,True,939
TGACACGACCTTAT-1,True,606
TGACCAGACAACCA-1,True,698
TGACCAGAGGATTC-1,True,705
TGACCGCTAAAAGC-1,True,963
TGACCGCTCTGCAA-1,True,607
TGACGATGCAAAGA-1,True,621
TGACGCCTGTACCA-1,True,1650
TGACGCCTTTACTC-1,True,1093
TGACTGGAAGAGAT-1,True,545
TGACTGGACCGTAA-1,True,670
TGACTGGACGCAAT-1,True,617
TGACTGGAGGACAG-1,True,723
TGACTGGATTCTCA-1,True,1194
TGACTTACACACCA-1,True,1019
TGACTTACAGTCTG-1,True,1291
TGACTTTGCGCATA-1,True,758
TGACTTTGTTTGTC-1,True,855
TGAGACACAAGGTA-1,True,1549
TGAGACACTCAAGC-1,True,743
TGAGACACTGTGCA-1,True,411
TGAGCTGAATGCTG-1,True,1372
TGAGCTGACTGGAT-1,True,802
TGAGCTGAGCGAGA-1,True,280
TGAGCTGATGCTAG-1,True,337
TGAGGACTCTCATT-1,True,1121
TGAGGACTTCATTC-1,True,1028
TGAGGTACGAACCT-1,True,1524
TGAGTCGAGTTACG-1,True,645
TGAGTGACTGAGCT-1,True,847
TGATAAACGAATCC-1,True,866
TGATAAACTCCGTC-1,True,941
TGATAAACTTTCAC-1,True,751
TGATACCTCACTAG-1,True,583
TGATACCTGTTGGT-1,True,796
TGATACCTTATGCG-1,True,793
TGATACCTTGAAGA-1,True,975
TGATATGAACCTTT-1,True,936
TGATCACTAGCATC-1,True,524
TGATCACTCTCGCT-1,True,659
TGATCACTTCTACT-1,True,607
TGATCGGACTGACA-1,True,1433
TGATCGGAGGAGCA-1,True,562
TGATCGGATATGCG-1,True,696
TGATTAGACATTGG-1,True,927
TGATTAGATGACTG-1,True,517
TGATTAGATGCTAG-1,True,719
TGATTCACTATGCG-1,True,599
TGATTCACTGTCAG-1,True,639
TGATTCTGCCGAAT-1,True,977
TGATTCTGCTCTTA-1,True,1019
TGCAAGTGAGAACA-1,True,816
TGCAAGTGGGTAGG-1,True,672
TGCAATCTTCAGGT-1,True,1903
TGCACAGACGACAT-1,True,1162
TGCCAAGAGCAGTT-1,True,964
TGCCAAGATCTCTA-1,True,936
TGCCACTGAACGTC-1,True,947
TGCCACTGCGATAC-1,True,989
TGCCAGCTTGGCAT-1,True,790
TGCCCAACAGCAAA-1,True,902
TGCCCAACCGCATA-1,True,982
TGCCGACTCTCCCA-1,True,673
TGCGAAACAGTCAC-1,True,856
TGCGAAACGTTGCA-1,True,629
TGCGATGAACGGTT-1,True,692
TGCGATGACCTCGT-1,True,843
TGCGATGACTAGTG-1,True,940
TGCGATGACTGCTC-1,True,795
TGCGATGACTTGCC-1,True,780
TGCGATGAGTGCTA-1,True,821
TGCGCACTCTTGAG-1,True,471
TGCGTAGAATAAGG-1,True,702
TGCGTAGACGGGAA-1,True,631
TGCGTAGATGGTCA-1,True,1557
TGCTAGGAAACCGT-1,True,868
TGCTAGGATAGTCG-1,True,901
TGCTATACGGTTCA-1,True,798
TGCTATACTGCTGA-1,True,1020
TGCTGAGAGAGCAG-1,True,885
TGCTGAGATTATCC-1,True,881
TGGAAAGACTCTCG-1,True,719
TGGAAAGAGCGATT-1,True,1043
TGGAAAGAGGTCAT-1,True,1238
TGGAAAGATATGGC-1,True,565
TGGAACACAAACAG-1,True,776
TGGAACACGCTAAC-1,True,696
TGGAAGCTCAGATC-1,True,725
TGGACCCTACACTG-1,True,365
TGGACCCTCATGGT-1,True,811
TGGACCCTGGTACT-1,True,1212
TGGACTGAGTATGC-1,True,1178
TGGAGACTATCAGC-1,True,1132
TGGAGACTGAAACA-1,True,273
TGGAGACTTCAAGC-1,True,661
TGGAGACTTGACCA-1,True,831
TGGAGGGACGGAGA-1,True,786
TGGAGGGAGCTATG-1,True,471
TGGATCGATAAAGG-1,True,835
TGGATGTGACCTAG-1,True,564
TGGATGTGATGTCG-1,True,913
TGGATGTGTGAAGA-1,True,929
TGGATTCTCATACG-1,True,958
TGGCAATGCTTGTT-1,True,706
TGGCAATGGAGGGT-1,True,737
TGGCACCTTCACGA-1,True,388
TGGCACCTTCAGTG-1,True,842
TGGGTATGAAGAGT-1,True,965
TGGGTATGCACAAC-1,True,1088
TGGGTATGGTACGT-1,True,511
TGGGTATGTTTGGG-1,True,794
TGGTAGACATGCCA-1,True,900
TGGTAGACCCTCAC-1,True,865
TGGTAGACCTGATG-1,True,789
TGGTAGTGCACTGA-1,True,504
TGGTATCTAAACAG-1,True,701
TGGTATCTCTTCCG-1,True,817
TGGTCAGACCCAAA-1,True,796
TGGTCAGACCGTTC-1,True,542
TGGTTACTGACGTT-1,True,972
TGGTTACTGTTCTT-1,True,906
TGTAACCTAGAGGC-1,True,871
TGTAACCTTGCCTC-1,True,922
TGTAATGACACAAC-1,True,724
TGTAATGAGGTAAA-1,True,628
TGTACTTGCTCTAT-1,True,1479
TGTAGGTGCGAGAG-1,True,533
TGTAGGTGCTATGG-1,True,1101
TGTAGGTGCTCTAT-1,True,1913
TGTAGGTGTGCTGA-1,True,855
TGTAGTCTTCCAGA-1,True,1266
TGTAGTCTTGCACA-1,True,884
TGTATCTGTTAGGC-1,True,817
TGTATGCTCATGGT-1,True,619
TGTATGCTGTAGGG-1,True,591
TGTATGCTTTCATC-1,True,685
TGTCAGGAATACCG-1,True,887
TGTCAGGAGATGAA-1,True,1336
TGTCTAACCCCTTG-1,True,656
TGTGACGATTCTCA-1,True,1227
TGTGAGACTGTCAG-1,True,980
TGTGAGACTTGAGC-1,True,817
TGTGAGTGACCACA-1,True,582
TGTGAGTGAGTGCT-1,True,1370
TGTGAGTGGAGATA-1,True,460
TGTGATCTCTCTAT-1,True,638
TGTGATCTGACACT-1,True,471
TGTGGATGGCCAAT-1,True,650
TGTTAAGACAAAGA-1,True,414
TGTTAAGATAAGGA-1,True,907
TGTTAAGATTGGCA-1,True,308
TGTTACACCGCATA-1,True,1147
TGTTACACGACTAC-1,True,732
TGTTACTGGCTACA-1,True,992
TGTTACTGTAGTCG-1,True,801
TTAACCACCGTAAC-1,True,822
TTAACCACTAAGGA-1,True,529
TTAACCACTCAGAC-1,True,737
TTACACACGTGTTG-1,True,806
TTACACACTCCTAT-1,True,816
TTACCATGAATCGC-1,True,889
TTACCATGGTTGAC-1,True,1305
TTACCATGTGTCTT-1,True,588
TTACCATGTTGTGG-1,True,657
TTACGACTGAGAGC-1,True,1154
TTACGACTTGACAC-1,True,713
TTACGTACGTTCAG-1,True,326
TTACTCGAACGTTG-1,True,3315
TTACTCGAAGAATG-1,True,1129
TTACTCGACGCAAT-1,True,1603
TTACTCGAGGGTGA-1,True,879
TTACTCGATCTACT-1,True,1156
TTAGAATGTGGTGT-1,True,642
TTAGAATGTGTAGC-1,True,285
TTAGACCTCCTACC-1,True,825
TTAGACCTCCTTTA-1,True,823
TTAGCTACAACCGT-1,True,719
TTAGCTACTGTCCC-1,True,1253
TTAGCTACTTTCGT-1,True,971
TTAGGGACGCGAAG-1,True,853
TTAGGGTGCTGGAT-1,True,916
TTAGGGTGTCCTGC-1,True,1053
TTAGGTCTACTTTC-1,True,515
TTAGTCACCAGTTG-1,True,1017
TTAGTCTGAAAGCA-1,True,953
TTAGTCTGCCAACA-1,True,832
TTAGTCTGTGCACA-1,True,645
TTATCCGACTAGTG-1,True,667
TTATCCGAGAAAGT-1,True,1326
TTATGAGAGATAAG-1,True,547
TTATGCACGTCACA-1,True,636
TTATGGCTTATGGC-1,True,1783
TTATTCCTATGCTG-1,True,1211
TTATTCCTGGACAG-1,True,788
TTATTCCTGGTACT-1,True,807
TTATTCCTTCGTGA-1,True,1104
TTCAAAGATAAAGG-1,True,884
TTCAACACAACAGA-1,True,848
TTCAACACCCCAAA-1,True,788
TTCAACACGGACGA-1,True,1013
TTCAAGCTAAGAAC-1,True,1003
TTCAAGCTAGATGA-1,True,916
TTCAAGCTGTTGAC-1,True,818
TTCAAGCTTCCAAG-1,True,406
TTCAAGCTTGATGC-1,True,828
TTCAAGCTTTCGCC-1,True,882
TTCACAACCCGTTC-1,True,959
TTCACAACGTCTGA-1,True,395
TTCAGACTACCCAA-1,True,368
TTCAGACTCTCGAA-1,True,787
TTCAGTACCGACTA-1,True,929
TTCAGTACTCAAGC-1,True,1379
TTCAGTACTCCTAT-1,True,711
TTCAGTTGCCAAGT-1,True,733
TTCAGTTGTCCTTA-1,True,752
TTCAGTTGTCTAGG-1,True,464
TTCAGTTGTCTCGC-1,True,626
TTCATCGAGGTGGA-1,True,735
TTCATGTGTGGTGT-1,True,946
TTCATTCTATGTCG-1,True,876
TTCATTCTTCTCTA-1,True,647
TTCCAAACCTATGG-1,True,536
TTCCAAACCTCCCA-1,True,954
TTCCAAACTCCCAC-1,True,486
TTCCAAACTTGACG-1,True,712
TTCCATGACGAGAG-1,True,786
TTCCATGACTGTCC-1,True,438
TTCCCACTTGAGGG-1,True,807
TTCCCACTTGTCTT-1,True,1016
TTCCTAGAAAGTGA-1,True,551
TTCCTAGACTAGTG-1,True,841
TTCGAGGACTCTAT-1,True,929
TTCGAGGAGGGCAA-1,True,757
TTCGAGGATAGAAG-1,True,971
TTCGATTGAGCATC-1,True,708
TTCGGAGAATGCCA-1,True,567
TTCGGAGATGTGCA-1,True,881
TTCGTATGAAAAGC-1,True,801
TTCGTATGGATAGA-1,True,873
TTCGTATGGTCTGA-1,True,805
TTCGTATGTCCTTA-1,True,1359
TTCTACGAACGTAC-1,True,866
TTCTACGAGTTGGT-1,True,945
TTCTAGTGACACGT-1,True,1068
TTCTAGTGCATGAC-1,True,819
TTCTAGTGGAGAGC-1,True,815
TTCTAGTGGTCACA-1,True,1058
TTCTCAGAAGAGAT-1,True,845
TTCTCAGAAGCATC-1,True,881
TTCTCAGATGGAGG-1,True,1051
TTCTGATGGAGACG-1,True,1179
TTCTTACTCTGGAT-1,True,718
TTGAACCTCCTTGC-1,True,657
TTGAATGAACTACG-1,True,882
TTGAATGACTTACT-1,True,709
TTGAATGATCTCAT-1,True,754
TTGACACTCTGTAG-1,True,735
TTGACACTGATAAG-1,True,603
TTGAGGACAGAACA-1,True,944
TTGAGGACTACGCA-1,True,1794
TTGAGGTGGACGGA-1,True,712
TTGCATTGAGCTAC-1,True,721
TTGCATTGCTAAGC-1,True,1097
TTGCATTGTGACTG-1,True,813
TTGCTAACACCAAC-1,True,788
TTGCTAACACGCTA-1,True,917
TTGCTAACCACTCC-1,True,656
TTGCTATGGTACGT-1,True,1104
TTGCTATGGTAGGG-1,True,1268
TTGGAGACCAATCG-1,True,1239
TTGGAGACGCTATG-1,True,862
TTGGAGACTATGGC-1,True,739
TTGGGAACTGAACC-1,True,858
TTGGTACTACTGGT-1,True,1066
TTGGTACTCTTAGG-1,True,752
TTGGTACTGAATCC-1,True,615
TTGGTACTGGATTC-1,True,721
TTGTACACGTTGTG-1,True,571
TTGTACACTTGCAG-1,True,861
TTGTAGCTAGCTCA-1,True,933
TTGTAGCTCTCTTA-1,True,807
TTGTCATGGACGGA-1,True,1082
TTTAGAGATCCTCG-1,True,820
TTTAGCTGATACCG-1,True,887
TTTAGCTGGATACC-1,True,850
TTTAGCTGTACTCT-1,True,1567
TTTAGGCTCCTTTA-1,True,803
TTTATCCTGTTGTG-1,True,1156
TTTCACGAGGTTCA-1,True,721
TTTCAGTGGAAGGC-1,True,692
TTTCAGTGTCACGA-1,True,700
TTTCAGTGTCTATC-1,True,458
TTTCAGTGTGCAGT-1,True,637
TTTCCAGAGGTGAG-1,True,873
TTTCGAACACCTGA-1,True,1544
TTTCGAACTCTCAT-1,True,1155
TTTCTACTGAGGCA-1,True,1227
TTTCTACTTCCTCG-1,True,622
TTTGCATGAGAGGC-1,True,454
TTTGCATGCCTCAC-1,True,724
