term,gene_set_size,background_size,overlap_count,foreground_annotated,overlap_genes,fold_enrichment,pvalue,p_adjust,neglog10p,neglog10padj
Negative Regulation Of T Cell Differentiation (GO:0045581),13,14350,2,15,CTLA4;LAG3,147.17948717948718,7.902312781954455e-05,0.007191104631578554,4.102245784476328,2.1432043921552344
Apoptotic Process (GO:0006915),228,14350,4,15,GZMB;IFNG;PDCD1;PRF1,16.78362573099415,7.383321619914846e-05,0.010078234011183766,4.131748213155208,1.9966155617784334
Regulation Of Regulatory T Cell Differentiation (GO:0045589),22,14350,2,15,CTLA4;LAG3,86.96969696969697,0.00023276129043817395,0.012708766457924297,3.6330892437254705,1.8958966010207332
T Cell Mediated Immunity (GO:0002456),20,14350,2,15,CD8A;PRF1,95.66666666666667,0.00019168007217433905,0.01308216492589864,3.717423035763491,1.8833203800506972
Regulation Of Immune Response (GO:0050776),77,14350,3,15,CXCL13;LAG3;PDCD1,37.27272727272727,6.45260949744377e-05,0.01761562392802149,4.190264616968964,1.7541019699282077
Negative Regulation Of Cytokine Production (GO:0001818),178,14350,3,15,HAVCR2;IFNG;TIGIT,16.123595505617978,0.0007650785176023509,0.034811072550906964,3.1162939922822024,1.45828259562509
Regulation Of Interleukin-12 Production (GO:0032655),50,14350,2,15,IFNG;TIGIT,38.266666666666666,0.0012136495079491409,0.03681403507445727,2.9159067158480774,1.433986578246646
Negative Regulation Of T Cell Activation (GO:0050868),49,14350,2,15,HAVCR2;TIGIT,39.047619047619044,0.0011658069257621554,0.03978316134163355,2.9333733689759556,1.4003007089271433
T Cell Differentiation (GO:0030217),46,14350,2,15,CD8A;TCF7,41.594202898550726,0.0010278885748960477,0.04008765442094586,2.988053961148674,1.3969893541221745
