term	gene_set_size	background_size	overlap_count	foreground_annotated	overlap_genes	fold_enrichment	pvalue	p_adjust	neglog10p	neglog10padj
Negative Regulation Of T Cell Differentiation (GO:0045581)	13	14350	2	15	CTLA4;LAG3	147.17948717948718	7.902312781954455e-05	0.007191104631578554	4.102245784476328	2.1432043921552344
Apoptotic Process (GO:0006915)	228	14350	4	15	GZMB;IFNG;PDCD1;PRF1	16.78362573099415	7.383321619914846e-05	0.010078234011183766	4.131748213155208	1.9966155617784334
Regulation Of Regulatory T Cell Differentiation (GO:0045589)	22	14350	2	15	CTLA4;LAG3	86.96969696969697	0.00023276129043817395	0.012708766457924297	3.6330892437254705	1.8958966010207332
T Cell Mediated Immunity (GO:0002456)	20	14350	2	15	CD8A;PRF1	95.66666666666667	0.00019168007217433905	0.01308216492589864	3.717423035763491	1.8833203800506972
Regulation Of Immune Response (GO:0050776)	77	14350	3	15	CXCL13;LAG3;PDCD1	37.27272727272727	6.45260949744377e-05	0.01761562392802149	4.190264616968964	1.7541019699282077
Negative Regulation Of Cytokine Production (GO:0001818)	178	14350	3	15	HAVCR2;IFNG;TIGIT	16.123595505617978	0.0007650785176023509	0.034811072550906964	3.1162939922822024	1.45828259562509
Regulation Of Interleukin-12 Production (GO:0032655)	50	14350	2	15	IFNG;TIGIT	38.266666666666666	0.0012136495079491409	0.03681403507445727	2.9159067158480774	1.433986578246646
Negative Regulation Of T Cell Activation (GO:0050868)	49	14350	2	15	HAVCR2;TIGIT	39.047619047619044	0.0011658069257621554	0.03978316134163355	2.9333733689759556	1.4003007089271433
T Cell Differentiation (GO:0030217)	46	14350	2	15	CD8A;TCF7	41.594202898550726	0.0010278885748960477	0.04008765442094586	2.988053961148674	1.3969893541221745
Negative Regulation Of Immune Response (GO:0050777)	66	14350	2	15	HAVCR2;PDCD1	28.98989898989899	0.0021047065063631454	0.05223498874883079	2.6768084563858654	1.2820384945033345
Positive Regulation Of Programmed Cell Death (GO:0043068)	245	14350	3	15	CTLA4;IFNG;PRF1	11.714285714285714	0.0019215644098606681	0.05245870838919624	2.716345053625734	1.2801824065849783
Positive Regulation Of Tumor Necrosis Factor Superfamily Cytokine Production (GO:1903557)	82	14350	2	15	HAVCR2;IFNG	23.333333333333332	0.003227318550000104	0.06293271172500202	2.4911581657769326	1.2011235544144148
Positive Regulation Of Protein Localization To Membrane (GO:1905477)	79	14350	2	15	GZMB;IFNG	24.21940928270042	0.002999510565063367	0.0629897218663307	2.5229496040246957	1.2007303092907764
Positive Regulation Of Tumor Necrosis Factor Production (GO:0032760)	78	14350	2	15	HAVCR2;IFNG	24.529914529914528	0.002925337348910958	0.06655142468772429	2.5338240440014554	1.1768426430083243
Negative Regulation Of Gene Expression (GO:0010629)	336	14350	3	15	GZMB;HAVCR2;IFNG	8.541666666666668	0.004696092026221967	0.07122406239769984	2.328263401094175	1.147373259156725
Regulation Of Peptidyl-Serine Phosphorylation Of STAT Protein (GO:0033139)	18	14350	1	15	IFNG	53.148148148148145	0.018660042231089496	0.07174917646602018	1.7290873777005382	1.1441830793788574
Regulation Of Protein Deacetylation (GO:0090311)	18	14350	1	15	IFNG	53.148148148148145	0.018660042231089496	0.07277416470124905	1.7290873777005382	1.138022770674039
Positive Regulation Of Transcription Regulatory Region DNA Binding (GO:2000679)	21	14350	1	15	IFNG	45.55555555555556	0.02173827072730733	0.07326602356240619	1.662775006866964	1.1350973787048575
T Cell Receptor Signaling Pathway (GO:0050852)	95	14350	2	15	CD8A;CTLA4	20.14035087719298	0.004305169342512969	0.07345695190662753	2.3660097610343707	1.1339670966495394
Positive Regulation Of Protein-Containing Complex Assembly (GO:0031334)	98	14350	2	15	CXCL13;IFNG	19.523809523809522	0.004574579386203538	0.07346236308432741	2.3396488313567567	1.1339351056942744
Negative Regulation Of Leukocyte Cell-Cell Adhesion (GO:1903038)	19	14350	1	15	TIGIT	50.35087719298246	0.019687121450077345	0.07362444049138514	1.7058177795316252	1.132977992611325
Regulation Of Epithelial Cell Differentiation (GO:0030856)	18	14350	1	15	IFNG	53.148148148148145	0.018660042231089496	0.07382886274039757	1.7290873777005382	1.1317738213970374
Natural Killer Cell Mediated Immunity (GO:0002228)	22	14350	1	15	GZMB	43.484848484848484	0.022762342605253484	0.07397761346707382	1.6427830442022393	1.1308996832233649
Negative Regulation Of Interleukin-2 Production (GO:0032703)	21	14350	1	15	HAVCR2	45.55555555555556	0.02173827072730733	0.07418184885693627	1.662775006866964	1.1297023468181515
Microglial Cell Activation (GO:0001774)	20	14350	1	15	IFNG	47.833333333333336	0.02071319731207223	0.07440398508152261	1.6837528577548626	1.128403802994898
Positive Regulation Of Cytokine Production (GO:0001819)	320	14350	3	15	HAVCR2;IFNG;TIGIT	8.96875	0.00409591767470895	0.0745457016797029	2.3876487809821603	1.1275773929970854
Regulation Of Interleukin-4 Production (GO:0032673)	23	14350	1	15	HAVCR2	41.594202898550726	0.023785413854619852	0.07463698830242782	1.6236892876658136	1.127045893243676
Gastrulation (GO:0007369)	19	14350	1	15	EOMES	50.35087719298246	0.019687121450077345	0.0746470021648766	1.7058177795316252	1.1269876289221374
Positive Regulation Of Phosphatase Activity (GO:0010922)	22	14350	1	15	IFNG	43.484848484848484	0.022762342605253484	0.0748689100148699	1.6427830442022393	1.125698489537557
Positive Regulation Of Osteoclast Differentiation (GO:0045672)	18	14350	1	15	IFNG	53.148148148148145	0.018660042231089496	0.07491458131010931	1.7290873777005382	1.1254336433660184
Macrophage Differentiation (GO:0030225)	21	14350	1	15	IFNG	45.55555555555556	0.02173827072730733	0.07512085960196077	1.662775006866964	1.1242394511166494
Regulation Of Cellular Respiration (GO:0043457)	17	14350	1	15	IFNG	56.27450980392157	0.017631958744112712	0.07521132401785578	1.753699439004872	1.123716765948003
Mesoderm Formation (GO:0001707)	20	14350	1	15	EOMES	47.833333333333336	0.02071319731207223	0.07539603821594291	1.6837528577548626	1.1226514741058067
Adaptive Immune Response Based On Somatic Recombination Of Immune Receptors Built From Immunoglobulin Superfamily Domains (GO:0002460)	23	14350	1	15	CD8A	41.594202898550726	0.023785413854619852	0.07550486025943279	1.6236892876658136	1.1220250918686252
Regulation Of Neural Precursor Cell Proliferation (GO:2000177)	22	14350	1	15	TOX	43.484848484848484	0.022762342605253484	0.07578194550285611	1.6427830442022393	1.1204342495452
Regulation Of Exosomal Secretion (GO:1903541)	18	14350	1	15	IFNG	53.148148148148145	0.018660042231089496	0.07603270938936467	1.7290873777005382	1.1189995333606086
Regulation Of Membrane Protein Ectodomain Proteolysis (GO:0051043)	21	14350	1	15	IFNG	45.55555555555556	0.02173827072730733	0.07608394754557565	1.662775006866964	1.1187069625166883
Natural Killer Cell Mediated Cytotoxicity (GO:0042267)	24	14350	1	15	GZMB	39.86111111111111	0.024807485383354446	0.07609487089500858	1.6054172558600392	1.118644615464196
Inflammatory Response (GO:0006954)	236	14350	2	15	CXCL13;IFNG	8.10734463276836	0.02456243404270421	0.07619936924611646	1.6097285984862209	1.1180486235956333
Negative Regulation Of Lymphocyte Activation (GO:0051250)	23	14350	1	15	TIGIT	41.594202898550726	0.023785413854619852	0.07639315273307318	1.6236892876658136	1.1169455663393502
Positive Regulation Of Peptidyl-Serine Phosphorylation Of STAT Protein (GO:0033141)	17	14350	1	15	IFNG	56.27450980392157	0.017631958744112712	0.07640515455782175	1.753699439004872	1.1168773414176976
Negative Regulation Of B Cell Activation (GO:0050869)	20	14350	1	15	CTLA4	47.833333333333336	0.02071319731207223	0.07641490359723943	1.6837528577548626	1.1168219304450828
Positive Regulation Of Amyloid Precursor Protein Catabolic Process (GO:1902993)	21	14350	1	15	IFNG	45.55555555555556	0.02173827072730733	0.07707205076045326	1.662775006866964	1.1131030849986898
Positive Regulation Of Interleukin-4 Production (GO:0032753)	18	14350	1	15	HAVCR2	53.148148148148145	0.018660042231089496	0.07718472013768837	1.7290873777005382	1.1124686662016507
Positive Regulation Of Amyloid-Beta Formation (GO:1902004)	17	14350	1	15	IFNG	56.27450980392157	0.017631958744112712	0.07763749576036726	1.753699439004872	1.1099284814623698
Negative Regulation Of Macromolecule Metabolic Process (GO:0010605)	186	14350	2	15	HAVCR2;IFNG	10.28673835125448	0.0157045829036448	0.07795183877627328	1.803973593493489	1.108173635946977
Positive Regulation Of T Cell Migration (GO:2000406)	25	14350	1	15	CXCL13	38.266666666666666	0.02582855809864481	0.07834662623255592	1.5878998380110045	1.1059797004095735
Positive Regulation Of Glycolytic Process (GO:0045821)	18	14350	1	15	IFNG	53.148148148148145	0.018660042231089496	0.07837217737057589	1.7290873777005382	1.1058380873026377
Negative Regulation Of Immune Effector Process (GO:0002698)	15	14350	1	15	HAVCR2	63.77777777777778	0.015572775318390355	0.07872903077630679	1.8076339822903453	1.103865095072558
Positive Regulation Of Cell Adhesion Mediated By Integrin (GO:0033630)	17	14350	1	15	CXCL13	56.27450980392157	0.017631958744112712	0.07891024159250443	1.753699439004872	1.1028666269748828
Endoderm Development (GO:0007492)	14	14350	1	15	EOMES	68.33333333333333	0.014541673553833125	0.07939753760392886	1.8373856090636458	1.1001929663589085
Lymphocyte Mediated Immunity (GO:0002449)	16	14350	1	15	CD8A	59.791666666666664	0.016602870077387515	0.07951900931801388	1.779816830572569	1.0995290392043042
Regulation Of Interferon-Alpha Production (GO:0032647)	26	14350	1	15	HAVCR2	36.794871794871796	0.026848632906918465	0.07967039982161675	1.5710778230406641	1.0987030033454632
Positive Regulation Of Protein Deacetylation (GO:0090312)	13	14350	1	15	IFNG	73.58974358974359	0.01350956386966244	0.08017632470473578	1.8693586711153722	1.0959538557561903
Negative Regulation Of Epithelial Cell Differentiation (GO:0030857)	15	14350	1	15	IFNG	63.77777777777778	0.015572775318390355	0.0802144841871805	1.8076339822903453	1.0957472048503785
Myeloid Cell Activation Involved In Immune Response (GO:0002275)	17	14350	1	15	IFNG	56.27450980392157	0.017631958744112712	0.08022541228571284	1.753699439004872	1.0956880423477595
Positive Regulation Of Monooxygenase Activity (GO:0032770)	26	14350	1	15	IFNG	36.794871794871796	0.026848632906918465	0.08054589872075539	1.5710778230406641	1.0939565683210017
Regulation Of NMDA Receptor Activity (GO:2000310)	16	14350	1	15	IFNG	59.791666666666664	0.016602870077387515	0.08093899162726413	1.779816830572569	1.0918422105380132
Positive Regulation Of Membrane Protein Ectodomain Proteolysis (GO:0051044)	14	14350	1	15	IFNG	68.33333333333333	0.014541673553833125	0.08101789551421312	1.8373856090636458	1.0914190420514034
Negative Regulation Of Type II Interferon Production (GO:0032689)	28	14350	1	15	HAVCR2	34.166666666666664	0.028885792424329742	0.08129712713239196	1.539315713952819	1.0899248011783078
Negative Regulation Of Leukocyte Activation (GO:0002695)	17	14350	1	15	HAVCR2	56.27450980392157	0.017631958744112712	0.08158516503631813	1.753699439004872	1.0883888036062601
Regulation Of Amyloid-Beta Clearance (GO:1900221)	15	14350	1	15	IFNG	63.77777777777778	0.015572775318390355	0.08175707042154935	1.8076339822903453	1.0874746788843885
Positive Regulation Of Nitric Oxide Biosynthetic Process (GO:0045429)	27	14350	1	15	IFNG	35.4320987654321	0.027867710713843634	0.08180521532128293	1.5548987063918636	1.0872190079050428
Negative Regulation Of Interleukin-12 Production (GO:0032695)	13	14350	1	15	TIGIT	73.58974358974359	0.01350956386966244	0.08195802080928546	1.8693586711153722	1.08640853784996
Positive Regulation Of Nitric Oxide Metabolic Process (GO:1904407)	28	14350	1	15	IFNG	34.166666666666664	0.028885792424329742	0.0821439722066877	1.539315713952819	1.0854242999516313
Positive Regulation Of Exosomal Secretion (GO:1903543)	14	14350	1	15	IFNG	68.33333333333333	0.014541673553833125	0.08270576833742589	1.8373856090636458	1.082464199398477
Positive Regulation Of Lymphocyte Chemotaxis (GO:0140131)	17	14350	1	15	CXCL13	56.27450980392157	0.017631958744112712	0.08299180581280638	1.753699439004872	1.0809647855270532
Positive Regulation Of Protein Import Into Nucleus (GO:0042307)	28	14350	1	15	IFNG	34.166666666666664	0.028885792424329742	0.08300864559833705	1.539315713952819	1.0808766722009107
Positive Regulation Of Neural Precursor Cell Proliferation (GO:2000179)	29	14350	1	15	TOX	32.98850574712644	0.029902878942527973	0.08330087705418507	1.5242869973389803	1.079350425990719
Astrocyte Development (GO:0014002)	15	14350	1	15	IFNG	63.77777777777778	0.015572775318390355	0.0833601502337366	1.8076339822903453	1.0790415113475258
Regulation Of Vasculature Development (GO:1901342)	30	14350	1	15	CXCL13	31.88888888888889	0.03091897117183194	0.08357306069217942	1.5097749656537776	1.077933692395664
Cellular Response To Interleukin-4 (GO:0071353)	13	14350	1	15	TCF7	73.58974358974359	0.01350956386966244	0.08382070310040558	1.8693586711153722	1.0766487005608036
Pyroptosis (GO:0070269)	28	14350	1	15	GZMB	34.166666666666664	0.028885792424329742	0.0838917162961917	1.539315713952819	1.0762809205117616
Positive Regulation Of Phosphate Metabolic Process (GO:0045937)	30	14350	1	15	IFNG	31.88888888888889	0.03091897117183194	0.08440879129910121	1.5097749656537776	1.0736123186130213
Regulation Of MHC Class II Biosynthetic Process (GO:0045346)	14	14350	1	15	IFNG	68.33333333333333	0.014541673553833125	0.08446546553609453	1.8373856090636458	1.0733208199586073
Receptor Signaling Pathway Via STAT (GO:0097696)	31	14350	1	15	IFNG	30.86021505376344	0.031934070014878205	0.08464078751516262	1.495745726861174	1.0724203045255902
Positive Regulation Of Small Molecule Metabolic Process (GO:0062013)	33	14350	1	15	IFNG	28.98989898989899	0.033961291148962215	0.08505901361162095	1.4690158069966859	1.0702796578965534
Positive Regulation Of Neuron Death (GO:1901216)	34	14350	1	15	IFNG	28.137254901960784	0.03497341524149317	0.08524769965113961	1.4562619556772467	1.0693173313066722
Positive Regulation Of Interleukin-10 Production (GO:0032733)	30	14350	1	15	TIGIT	31.88888888888889	0.03091897117183194	0.08526140535262748	1.5097749656537776	1.0692475132105712
Macrophage Activation (GO:0042116)	35	14350	1	15	IFNG	27.333333333333332	0.03598454955075395	0.08542419154222458	1.4438839293762755	1.0684191226891313
Central Nervous System Neuron Differentiation (GO:0021953)	31	14350	1	15	TOX	30.86021505376344	0.031934070014878205	0.08547059915746813	1.495745726861174	1.0681832515823355
Regulation Of Nitric-Oxide Synthase Biosynthetic Process (GO:0051769)	13	14350	1	15	IFNG	73.58974358974359	0.01350956386966244	0.08577002177715921	1.8693586711153722	1.0666644796542029
Positive Regulation Of Nitrogen Compound Metabolic Process (GO:0051173)	33	14350	1	15	IFNG	28.98989898989899	0.033961291148962215	0.08584659707098782	1.4690158069966859	1.0662769154428795
Positive Regulation Of Carbohydrate Metabolic Process (GO:0045913)	34	14350	1	15	IFNG	28.137254901960784	0.03497341524149317	0.08601569694529401	1.4562619556772467	1.065422287423148
Positive Regulation Of Cell Development (GO:0010720)	35	14350	1	15	IFNG	27.333333333333332	0.03598454955075395	0.08617352655575287	1.4438839293762755	1.0646261336719922
Positive Regulation Of Signaling Receptor Activity (GO:2000273)	36	14350	1	15	IFNG	26.574074074074073	0.03699469497560473	0.0863209549430777	1.4318605491223446	1.0638837638277503
Positive Regulation Of Exocytosis (GO:0045921)	37	14350	1	15	IFNG	25.855855855855854	0.03800385241415201	0.08645876424219583	1.4201723771356638	1.0631909761425327
Positive Regulation Of Ion Transmembrane Transporter Activity (GO:0032414)	33	14350	1	15	IFNG	28.98989898989899	0.033961291148962215	0.08664890171651107	1.4690158069966859	1.0622369376411394
Regulation Of Interleukin-17 Production (GO:0032660)	34	14350	1	15	IFNG	28.137254901960784	0.03497341524149317	0.08679765782661487	1.4562619556772467	1.0614919937947156
Endoderm Formation (GO:0001706)	35	14350	1	15	EOMES	27.333333333333332	0.03598454955075395	0.08693612413589227	1.4438839293762755	1.0607997258189392
Receptor Signaling Pathway Via JAK-STAT (GO:0007259)	36	14350	1	15	IFNG	26.574074074074073	0.03699469497560473	0.0870651011063801	1.4318605491223446	1.0601558913085072
Negative Regulation Of Smooth Muscle Cell Proliferation (GO:0048662)	37	14350	1	15	IFNG	25.855855855855854	0.03800385241415201	0.0871853084795252	1.4201723771356638	1.0595566914874386
Negative Regulation Of Type I Interferon Production (GO:0032480)	38	14350	1	15	HAVCR2	25.17543859649123	0.03901202276374943	0.08729739520084913	1.4088015310427378	1.05899871467673
Gamma-Delta T Cell Activation (GO:0046629)	12	14350	1	15	TCF7	79.72222222222221	0.012476445351059143	0.087335117457414	1.9039091313455228	1.058811091331266
Positive Regulation Of Interleukin-12 Production (GO:0032735)	33	14350	1	15	IFNG	28.98989898989899	0.033961291148962215	0.08746634418553476	1.4690158069966859	1.0581590252207
Regulation Of T Cell Chemotaxis (GO:0010819)	13	14350	1	15	CXCL13	73.58974358974359	0.01350956386966244	0.08781216515280585	1.8693586711153722	1.0564453144725168
Positive Regulation Of Immune Effector Process (GO:0002699)	37	14350	1	15	IFNG	25.855855855855854	0.03800385241415201	0.08792416702596186	1.4201723771356638	1.0558917374010333
Regulation Of Protein Import Into Nucleus (GO:0042306)	38	14350	1	15	IFNG	25.17543859649123	0.03901202276374943	0.08801886127688921	1.4088015310427378	1.0554242543184318
Regulation Of Nitric Oxide Biosynthetic Process (GO:0045428)	39	14350	1	15	IFNG	24.529914529914528	0.04001920692099815	0.08810680233413302	1.3977315222277198	1.054990560349199
Regulation Of Amyloid-Beta Formation (GO:1902003)	33	14350	1	15	IFNG	28.98989898989899	0.033961291148962215	0.08829935698730175	1.4690158069966859	1.054042459025868
Negative Regulation Of Lymphocyte Proliferation (GO:0050672)	39	14350	1	15	CTLA4	24.529914529914528	0.04001920692099815	0.08882311780026418	1.3977315222277198	1.0514739866263618
Regulation Of Glycolytic Process (GO:0006110)	40	14350	1	15	IFNG	23.916666666666668	0.04102540578174759	0.08888837919378645	1.3869471146526315	1.0511550127294385
Positive Regulation Of Establishment Of Protein Localization To Mitochondrion (GO:1903749)	33	14350	1	15	GZMB	28.98989898989899	0.033961291148962215	0.08914838926602581	1.4690158069966859	1.0498864992547101
Positive Regulation Of Myeloid Leukocyte Differentiation (GO:0002763)	40	14350	1	15	IFNG	23.916666666666668	0.04102540578174759	0.08959948622733674	1.3869471146526315	1.047694480619932
Defense Response To Tumor Cell (GO:0002357)	12	14350	1	15	PRF1	79.72222222222221	0.012476445351059143	0.08963341002208279	1.9039091313455228	1.0475300809215768
Regulation Of Humoral Immune Response (GO:0002920)	13	14350	1	15	CXCL13	73.58974358974359	0.01350956386966244	0.08995392527848405	1.8693586711153722	1.045979880794352
Regulation Of Chemokine Production (GO:0032642)	41	14350	1	15	IFNG	23.333333333333332	0.042030620241095856	0.0903492860300722	1.3764342011128627	1.0440752750280635
Regulation Of Osteoclast Differentiation (GO:0045670)	42	14350	1	15	IFNG	22.77777777777778	0.04303485119339047	0.0917852685609031	1.3661796944062585	1.037227017013371
Positive Regulation Of T Cell Chemotaxis (GO:0010820)	12	14350	1	15	CXCL13	79.72222222222221	0.012476445351059143	0.09205593461727422	1.9039091313455228	1.0359482083717617
Regulation Of Nitrogen Compound Metabolic Process (GO:0051171)	13	14350	1	15	IFNG	73.58974358974359	0.01350956386966244	0.09220277341044615	1.8693586711153722	1.0352560154025787
Regulation Of Interleukin-2 Production (GO:0032663)	47	14350	1	15	HAVCR2	20.354609929078013	0.0480412845987472	0.09301610422310627	1.318385388307258	1.031441853921882
Lymphocyte Chemotaxis (GO:0048247)	44	14350	1	15	CXCL13	21.742424242424242	0.045040366150458824	0.09315166635663075	1.3463980875954877	1.0308093717605817
Epithelial To Mesenchymal Transition (GO:0001837)	47	14350	1	15	EOMES	20.354609929078013	0.0480412845987472	0.09368050496755703	1.318385388307258	1.02835077694474
Positive Regulation Of Cell-Cell Adhesion (GO:0022409)	46	14350	1	15	CXCL13	20.797101449275363	0.047041957792741264	0.09374054363079098	1.3275146120830454	1.0280725321986963
Natural Killer Cell Activation (GO:0030101)	45	14350	1	15	TOX	21.25925925925926	0.04604165194017942	0.09380127596767898	1.3368491026001563	1.0277912539242078
Regulation Of B Cell Proliferation (GO:0030888)	44	14350	1	15	CTLA4	21.742424242424242	0.045040366150458824	0.09386274777920045	1.3463980875954877	1.027506736210496
Interferon-Mediated Signaling Pathway (GO:0140888)	49	14350	1	15	IFNG	19.523809523809522	0.05003700462976724	0.09420760182018247	1.300708696414663	1.0259140516088818
Cellular Defense Response (GO:0006968)	48	14350	1	15	PRF1	19.930555555555554	0.04903963324805287	0.09428042166703123	1.309452786428925	1.0255784837712252
Negative Regulation Of Tumor Necrosis Factor Production (GO:0032720)	47	14350	1	15	HAVCR2	20.354609929078013	0.0480412845987472	0.09435446543494953	1.318385388307258	1.0252375415205972
Regulation Of Interleukin-10 Production (GO:0032653)	46	14350	1	15	TIGIT	20.797101449275363	0.047041957792741264	0.09442981233395856	1.3275146120830454	1.024890873412507
Establishment Of Protein Localization To Extracellular Region (GO:0035592)	45	14350	1	15	PRF1	21.25925925925926	0.04604165194017942	0.09450654871931566	1.3368491026001563	1.024538096526486
Positive Regulation Of Nucleocytoplasmic Transport (GO:0046824)	44	14350	1	15	IFNG	21.742424242424242	0.045040366150458824	0.09458476891596354	1.3463980875954877	1.0241787928615684
Regulation Of T Cell Differentiation In Thymus (GO:0033081)	12	14350	1	15	TOX	79.72222222222221	0.012476445351059143	0.0946130439121985	1.9039091313455228	1.024048985072054
Regulation Of T Cell Apoptotic Process (GO:0070232)	11	14350	1	15	PDCD1	86.96969696969697	0.011442317082437658	0.09465916859107516	1.9414860215026233	1.0238373143397548
Regulation Of Smooth Muscle Cell Apoptotic Process (GO:0034391)	10	14350	1	15	IFNG	95.66666666666667	0.010407178147445448	0.09470532114175358	1.982667011231462	1.0236256189103683
Regulation Of Epithelial Cell Migration (GO:0010632)	50	14350	1	15	IFNG	19.133333333333333	0.05103339963225335	0.09477631360275622	1.2921454998168995	1.0233001875243195
Positive Regulation Of Nervous System Development (GO:0051962)	49	14350	1	15	IFNG	19.523809523809522	0.05003700462976724	0.09486182127726707	1.300708696414663	1.0229085414691566
Regulation Of T Cell Differentiation (GO:0045580)	47	14350	1	15	TCF7	20.354609929078013	0.0480412845987472	0.09503819344534772	1.318385388307258	1.0221018276677385
B Cell Receptor Signaling Pathway (GO:0050853)	46	14350	1	15	CTLA4	20.797101449275363	0.047041957792741264	0.09512929242532121	1.3275146120830454	1.0216857335372955
Negative Regulation Of Immune System Process (GO:0002683)	44	14350	1	15	PDCD1	21.742424242424242	0.045040366150458824	0.09531798417887798	1.3463980875954877	1.0208251508539807
Positive Regulation Of Protein Localization To Cell Periphery (GO:1904377)	51	14350	1	15	IFNG	18.758169934640524	0.0520288191431286	0.09532797064479268	1.2837560308297538	1.0207796522012718
Positive Regulation Of Cell Death (GO:0010942)	50	14350	1	15	IFNG	19.133333333333333	0.05103339963225335	0.0954254664356518	1.2921454998168995	1.0203357085605806
Negative Regulation Of Tumor Necrosis Factor Superfamily Cytokine Production (GO:1903556)	49	14350	1	15	HAVCR2	19.523809523809522	0.05003700462976724	0.09552519065682838	1.300708696414663	1.0198820868389686
Negative Regulation Of Response To Stimulus (GO:0048585)	52	14350	1	15	PDCD1	18.397435897435898	0.05302326404926556	0.09586325222151985	1.2755335411266489	1.018347841379062
Positive Regulation Of Protein Localization To Plasma Membrane (GO:1903078)	51	14350	1	15	IFNG	18.758169934640524	0.0520288191431286	0.0959720785545548	1.2837560308297538	1.0178550991839552
Regulation Of Peptide Hormone Secretion (GO:0090276)	52	14350	1	15	IFNG	18.397435897435898	0.05302326404926556	0.09650234056966332	1.2755335411266489	1.015462153141574
Positive Regulation Of Chemokine Production (GO:0032722)	53	14350	1	15	IFNG	18.050314465408803	0.054016735236792596	0.09701689947134459	1.2674716680473594	1.0131526089513758
Astrocyte Activation (GO:0048143)	12	14350	1	15	IFNG	79.72222222222221	0.012476445351059143	0.09731627373826132	1.9039091313455228	1.0118145286550424
Macrophage Activation Involved In Immune Response (GO:0002281)	11	14350	1	15	IFNG	86.96969696969697	0.011442317082437658	0.09761726760954627	1.9414860215026233	1.0104733527817733
Positive Regulation Of Integrin Activation (GO:0033625)	10	14350	1	15	CXCL13	95.66666666666667	0.010407178147445448	0.09797102187077955	1.982667011231462	1.008902362089662
Regulation Of Smooth Muscle Cell Proliferation (GO:0048660)	54	14350	1	15	IFNG	17.71604938271605	0.055009233591094074	0.0981537305252855	1.259564405758785	1.0080931895356278
Positive Regulation Of Tyrosine Phosphorylation Of STAT Protein (GO:0042531)	55	14350	1	15	IFNG	17.393939393939394	0.05600075999681132	0.09927407453980189	1.2518060790619827	1.0031641528576898
Mesoderm Morphogenesis (GO:0048332)	12	14350	1	15	EOMES	79.72222222222221	0.012476445351059143	0.1001785170835043	1.9039091313455228	0.9992254013470219
Positive Regulation Of Cellular Metabolic Process (GO:0031325)	56	14350	1	15	IFNG	17.083333333333332	0.056991315337843004	0.10037825217568477	1.244191319559334	0.9983603706888693
Nucleoside Phosphate Catabolic Process (GO:1901292)	11	14350	1	15	ENTPD1	86.96969696969697	0.011442317082437658	0.10076621172598324	1.9414860215026233	0.9966850682961399
Positive Regulation Of Interleukin-1 Beta Production (GO:0032731)	57	14350	1	15	IFNG	16.78362573099415	0.057980900497345736	0.10082029194761392	1.2367150439311545	0.9964520492996322
Regulation Of Neuron Death (GO:1901214)	58	14350	1	15	IFNG	16.49425287356322	0.05896951635773472	0.10124954695384641	1.229372434101596	0.9946069113812913
Chemokine-Mediated Signaling Pathway (GO:0070098)	57	14350	1	15	CXCL13	16.78362573099415	0.057980900497345736	0.10146657587035504	1.2367150439311545	0.9936769952448601
Positive Regulation Of Mitochondrial Outer Membrane Permeabilization Involved In Apoptotic Signaling Pathway (GO:1901030)	10	14350	1	15	GZMB	95.66666666666667	0.010407178147445448	0.10146998693759311	1.982667011231462	0.9936623955329251
Cellular Response To Chemokine (GO:1990869)	59	14350	1	15	CXCL13	16.21468926553672	0.05995716380068421	0.10166649514029062	1.2221589191000268	0.9928221480911205
Regulation Of Phagocytosis (GO:0050764)	58	14350	1	15	IFNG	16.49425287356322	0.05896951635773472	0.10189036687127583	1.229372434101596	0.9918668740152624
Positive Regulation Of Proteolysis (GO:0045862)	59	14350	1	15	IFNG	16.21468926553672	0.05995716380068421	0.10230191073491743	1.2221589191000268	0.9901162547151956
Positive Regulation Of Phagocytosis (GO:0050766)	60	14350	1	15	IFNG	15.944444444444445	0.060943843707128104	0.10270166254349367	1.2150701584468935	0.9884225259487683
Regulation Of Tumor Necrosis Factor Production (GO:0032680)	127	14350	2	15	HAVCR2;IFNG	15.065616797900262	0.007567254473329018	0.1032930235609411	2.121061661234715	0.9859290098579404
Positive Regulation Of Cellular Respiration (GO:1901857)	10	14350	1	15	IFNG	95.66666666666667	0.010407178147445448	0.10522813460194841	1.982667011231462	0.9778681283496932
Regulation Of T Cell Activation (GO:0050863)	62	14350	1	15	TIGIT	15.43010752688172	0.06291430443053661	0.10537181048795395	1.2012506005171246	0.9772755578803264
Antimicrobial Humoral Immune Response Mediated By Antimicrobial Peptide (GO:0061844)	65	14350	1	15	CXCL13	14.717948717948717	0.06586276097269972	0.10702698658063706	1.1813600675798481	0.970506702264955
Positive Regulation Of Intracellular Protein Transport (GO:0090316)	126	14350	2	15	GZMB;IFNG	15.185185185185183	0.007452572940760544	0.10708170593829625	2.1276937646928773	0.9702847186049504
Cellular Response To Virus (GO:0098586)	64	14350	1	15	IFNG	14.947916666666666	0.06488090556064664	0.10734840738216081	1.1878830971870469	0.9692043943601971
Protein Secretion (GO:0009306)	67	14350	1	15	PRF1	14.278606965174127	0.06782358587332199	0.10765022641521454	1.1686192525433723	0.9679850524101653
Regulation Of Tyrosine Phosphorylation Of STAT Protein (GO:0042509)	65	14350	1	15	IFNG	14.717948717948717	0.06586276097269972	0.10766786673980254	1.1813600675798481	0.9679138916866754
Cellular Response To Type II Interferon (GO:0071346)	66	14350	1	15	IFNG	14.494949494949495	0.06684365411833564	0.10797821049884987	1.1749398167072578	0.9666638742801752
Positive Regulation Of Interleukin-1 Production (GO:0032732)	64	14350	1	15	IFNG	14.947916666666666	0.06488090556064664	0.10800297084180814	1.1878830971870469	0.9665642981939887
Regulation Of Neurogenesis (GO:0050767)	67	14350	1	15	IFNG	14.278606965174127	0.06782358587332199	0.10827975990302283	1.1686192525433723	0.9654527158947701
Canonical Wnt Signaling Pathway (GO:0060070)	65	14350	1	15	TCF7	14.717948717948717	0.06586276097269972	0.10831646834666882	1.1813600675798481	0.9653055085791472
Extrinsic Apoptotic Signaling Pathway (GO:0097191)	67	14350	1	15	IFNG	14.278606965174127	0.06782358587332199	0.10891669966715825	1.1686192525433723	0.9629055268808903
Antigen Receptor-Mediated Signaling Pathway (GO:0050851)	134	14350	2	15	CD8A;CTLA4	14.278606965174127	0.008392463723133303	0.10910202840073294	2.0761105273366764	0.9621671750298397
Positive Regulation Of MHC Class II Biosynthetic Process (GO:0045348)	10	14350	1	15	IFNG	95.66666666666667	0.010407178147445448	0.1092753705481772	1.982667011231462	0.9614777121615239
Neutrophil Chemotaxis (GO:0030593)	70	14350	1	15	CXCL13	13.666666666666666	0.07075762154102534	0.11165798081329432	1.1502267739670748	0.9521102300551142
Myeloid Leukocyte Differentiation (GO:0002573)	71	14350	1	15	IFNG	13.474178403755868	0.07173371647638144	0.11254772757501226	1.1442766680719578	0.9486632693138015
Positive Regulation Of Protein Localization To Nucleus (GO:1900182)	72	14350	1	15	IFNG	13.287037037037036	0.0727088543889001	0.11342581284668414	1.138412698108145	0.9452880997536836
Negative Regulation Of Interleukin-17 Production (GO:0032700)	10	14350	1	15	IFNG	95.66666666666667	0.010407178147445448	0.11364638537010428	1.982667011231462	0.9444443728627435
Granulocyte Chemotaxis (GO:0071621)	73	14350	1	15	CXCL13	13.105022831050228	0.07368303614994276	0.11429243675530895	1.1326324871000304	0.9419825078734242
Positive Regulation Of Neurogenesis (GO:0050769)	75	14350	1	15	IFNG	12.755555555555555	0.07562853469938366	0.11664740097701548	1.1213143139650819	0.9331249332861323
Wnt Signaling Pathway (GO:0016055)	76	14350	1	15	TCF7	12.587719298245615	0.07659985322684493	0.11682547447446182	1.115772062519255	0.9324624464583923
Positive Regulation Of Interleukin-6 Production (GO:0032755)	76	14350	1	15	IFNG	12.587719298245615	0.07659985322684493	0.11748179736476777	1.115772062519255	0.9300294177873931
Neutrophil Migration (GO:1990266)	77	14350	1	15	CXCL13	12.424242424242424	0.0775702190809571	0.11764816560611827	1.1103049819796074	0.9294148400421575
Negative Regulation Of B Cell Proliferation (GO:0030889)	10	14350	1	15	CTLA4	95.66666666666667	0.010407178147445448	0.11838165142719197	1.982667011231462	0.9267156059023118
Proteolysis Involved In Protein Catabolic Process (GO:0051603)	78	14350	1	15	GZMB	12.264957264957264	0.0785396331294252	0.11846033063167448	1.104911131716458	0.9264270595448864
Positive Regulation Of Endocytosis (GO:0045807)	79	14350	1	15	IFNG	12.10970464135021	0.07950809623922477	0.11926214435883715	1.099588645268183	0.9234973862125015
Regulation Of Protein Localization To Plasma Membrane (GO:1903076)	80	14350	1	15	IFNG	11.958333333333334	0.08047560927660202	0.11940131158974104	1.0943357266092386	0.922990902578019
Positive Regulation Of Immune Response (GO:0050778)	80	14350	1	15	IFNG	11.958333333333334	0.08047560927660202	0.12005377777329154	1.0943357266092386	0.920624169298912
Negative Regulation Of NF-kappaB Transcription Factor Activity (GO:0032088)	81	14350	1	15	HAVCR2	11.810699588477366	0.08144217310707509	0.12018223382827838	1.0891506466499985	0.9201597280122562
Positive Regulation Of Nitric-Oxide Synthase Biosynthetic Process (GO:0051770)	10	14350	1	15	IFNG	95.66666666666667	0.010407178147445448	0.12352867975011335	1.982667011231462	0.9082322002082988
Regulation Of Interleukin-1 Beta Production (GO:0032651)	84	14350	1	15	IFNG	11.38888888888889	0.08433617800133386	0.12378374513099002	1.0739860844990252	0.9073363816761855
Integrin-Mediated Signaling Pathway (GO:0007229)	85	14350	1	15	ITGAE	11.254901960784313	0.08529895364482047	0.1238649699204042	1.069056296254139	0.9070514984770628
Positive Regulation Of Amide Metabolic Process (GO:0034250)	85	14350	1	15	IFNG	11.254901960784313	0.08529895364482047	0.12452734943869513	1.069056296254139	0.9047352557498819
Regulation Of Insulin Secretion (GO:0050796)	87	14350	1	15	IFNG	10.996168582375478	0.08722167112228847	0.12532376955991975	1.0593755967243232	0.9019665506363961
Regulation Of Type II Interferon Production (GO:0032649)	87	14350	1	15	HAVCR2	10.996168582375478	0.08722167112228847	0.12598685828775003	1.0593755967243232	0.8996747538568113
Negative Regulation Of Protein Kinase Activity (GO:0006469)	88	14350	1	15	IFNG	10.871212121212121	0.08818161467786342	0.12603969008930216	1.0546219531478693	0.8994926733548407
Positive Regulation Of Peptidyl-Serine Phosphorylation (GO:0033138)	89	14350	1	15	IFNG	10.749063670411983	0.08914061592452109	0.12609009402794952	1.0499243694455274	0.8993190314125451
Positive Regulation Of Cell Population Proliferation (GO:0008284)	483	14350	2	15	IFNG;TOX	3.9613526570048307	0.08894224186792189	0.12646475015595143	1.0508919279723448	0.8980305096351384
Negative Regulation Of DNA-binding Transcription Factor Activity (GO:0043433)	149	14350	2	15	EOMES;HAVCR2	12.841163310961969	0.010291021861714465	0.12770222582945678	1.987541499205516	0.8938015329869663
Lymphocyte Differentiation (GO:0030098)	91	14350	1	15	TOX	10.512820512820513	0.0910557949263105	0.12813521657156066	1.0406924098423223	0.8923314927317922
Positive Regulation Of Protein Catabolic Process (GO:0045732)	92	14350	1	15	IFNG	10.398550724637682	0.09201197439724852	0.12815953576759614	1.036155650086568	0.8922490744022882
Negative Regulation Of Amide Metabolic Process (GO:0034249)	93	14350	1	15	GZMB	10.28673835125448	0.09296721499088306	0.12818206915409633	1.0316701789604694	0.8921727221812445
Positive Regulation Of Neuron Projection Development (GO:0010976)	92	14350	1	15	TOX	10.398550724637682	0.09201197439724852	0.12881676415614793	1.036155650086568	0.8900276144083301
Positive Regulation Of Cellular Component Biogenesis (GO:0044089)	93	14350	1	15	IFNG	10.28673835125448	0.09296721499088306	0.12883273955589378	1.0316701789604694	0.8899737580813063
Positive Regulation Of Epithelial Cell Migration (GO:0010634)	95	14350	1	15	IFNG	10.07017543859649	0.09487488296991753	0.13015499020496224	1.0228487468071392	0.8855391761760898
Negative Regulation Of Macromolecule Biosynthetic Process (GO:0010558)	98	14350	1	15	GZMB	9.761904761904761	0.097729364737762	0.13340058286704515	1.0099749242296152	0.8748422728528403
Activation Of GTPase Activity (GO:0090630)	102	14350	1	15	CXCL13	9.379084967320262	0.10152227187374076	0.1345416515608312	0.993438672127011	0.8711432454554083
Antimicrobial Humoral Response (GO:0019730)	100	14350	1	15	CXCL13	9.566666666666666	0.09962768240342366	0.13464533314918148	1.0016199723730232	0.8708086947788911
Protein Catabolic Process (GO:0030163)	102	14350	1	15	GZMB	9.379084967320262	0.10152227187374076	0.13519795230015233	0.993438672127011	0.8690298861420093
Hemopoiesis (GO:0030097)	101	14350	1	15	TOX	9.47194719471947	0.10057544273773582	0.1352566298886792	0.9975080469681613	0.8688414378406182
Protein Complex Oligomerization (GO:0051259)	100	14350	1	15	PRF1	9.566666666666666	0.09962768240342366	0.13531521042853065	1.0016199723730232	0.8686533827527562
Regulation Of Protein Secretion (GO:0050708)	102	14350	1	15	IFNG	9.379084967320262	0.10152227187374076	0.13586068736044718	0.993438672127011	0.8669061925121537
Positive Regulation Of Inflammatory Response (GO:0050729)	104	14350	1	15	IFNG	9.198717948717949	0.10341313994864712	0.1363854454395201	0.9854242751238341	0.8652319735399959
Positive Regulation Of Metabolic Process (GO:0009893)	108	14350	1	15	IFNG	8.858024691358025	0.10718373905472972	0.13867848702341806	0.9698710968677691	0.8579909051247058
Negative Regulation Of Translation (GO:0017148)	107	14350	1	15	GZMB	8.94080996884735	0.1062424792912929	0.13877606146661703	0.9737018030931142	0.8576854421634121
Cell-Matrix Adhesion (GO:0007160)	109	14350	1	15	ITGAE	8.776758409785932	0.10812407355228477	0.13923524565931011	0.9660776007095963	0.8562508145975917
Positive Regulation Of DNA Metabolic Process (GO:0051054)	108	14350	1	15	TOX	8.858024691358025	0.10718373905472972	0.13933886077114863	0.9698710968677691	0.8559277445609323
Positive Regulation Of Autophagy (GO:0010508)	107	14350	1	15	IFNG	8.94080996884735	0.1062424792912929	0.13944325406982191	0.9737018030931142	0.8556024910151198
T Cell Activation (GO:0042110)	111	14350	1	15	CD8A	8.618618618618617	0.11000197012758045	0.1409884405860538	0.9585995365883678	0.8508164929863495
Regulation Of Protein Serine/Threonine Kinase Activity (GO:0071900)	112	14350	1	15	IFNG	8.541666666666666	0.1109395338924576	0.14152566706841554	0.9549136631223977	0.8491647894308325
Positive Regulation Of Cellular Component Organization (GO:0051130)	113	14350	1	15	IFNG	8.466076696165192	0.11187617576572725	0.14205672550717927	0.9512623874223188	0.8475382002971681
Regulation Of Interleukin-6 Production (GO:0032675)	114	14350	1	15	IFNG	8.391812865497075	0.11281189658918127	0.14258170263354855	0.9476450993721627	0.8459362034823376
Protein Maturation (GO:0051604)	117	14350	1	15	GZMB	8.176638176638177	0.11561354116792744	0.14412098967508763	0.9369912964509556	0.8412727642503178
Positive Regulation Of Cell Projection Organization (GO:0031346)	118	14350	1	15	TOX	8.10734463276836	0.11654558619585426	0.1446224774157646	0.9335041693942188	0.8397642031756689
Cellular Response To Molecule Of Bacterial Origin (GO:0071219)	117	14350	1	15	CXCL13	8.176638176638177	0.11561354116792744	0.1447820951323128	0.9369912964509556	0.8392851430148044
Regulation Of Protein-Containing Complex Assembly (GO:0043254)	119	14350	1	15	IFNG	8.03921568627451	0.11747671437229198	0.145118294224596	0.930048208471483	0.8382778351158376
Positive Regulation Of Protein Serine/Threonine Kinase Activity (GO:0071902)	117	14350	1	15	IFNG	8.176638176638177	0.11561354116792744	0.14544929372739257	0.9369912964509556	0.837288383258729
Positive Regulation Of Macromolecule Biosynthetic Process (GO:0010557)	122	14350	1	15	IFNG	7.8415300546448075	0.1202646061645669	0.14789296163480525	0.9198621665844401	0.8300524939943226
Enzyme-Linked Receptor Protein Signaling Pathway (GO:0007167)	124	14350	1	15	CD8A	7.71505376344086	0.12211863177143005	0.14817060654933512	0.9132180702221042	0.8292379412927107
Cellular Response To Lipopolysaccharide (GO:0071222)	124	14350	1	15	CXCL13	7.71505376344086	0.12211863177143005	0.14883208247143037	0.9132180702221042	0.8273034415155109
Positive Regulation Of Defense Response (GO:0031349)	124	14350	1	15	IFNG	7.71505376344086	0.12211863177143005	0.1494994909130063	0.9132180702221042	0.8253602862295089
Regulation Of Anatomical Structure Morphogenesis (GO:0022603)	127	14350	1	15	CXCL13	7.532808398950131	0.12489283348712492	0.1508661218671907	0.9034624812919216	0.8214082733985666
Protein Homooligomerization (GO:0051260)	129	14350	1	15	PRF1	7.416020671834626	0.12673775321497624	0.15242029351404632	0.897093996240185	0.8169572063925518
Positive Regulation Of Peptidyl-Tyrosine Phosphorylation (GO:0050731)	130	14350	1	15	IFNG	7.358974358974359	0.12765885114773592	0.1528546770321575	0.8939490682756628	0.8157212682353605
Negative Regulation Of Cellular Biosynthetic Process (GO:0031327)	137	14350	1	15	GZMB	6.982968369829684	0.1340811913286454	0.1598435163000882	0.8726321399342768	0.7963049752334087
Positive Regulation Of Protein Kinase Activity (GO:0045860)	145	14350	1	15	IFNG	6.597701149425288	0.14136696146896843	0.16779643687403645	0.8496520765946893	0.7752172655715261
Positive Regulation Of Cellular Catabolic Process (GO:0031331)	146	14350	1	15	IFNG	6.552511415525114	0.1422736489436581	0.1681415851152323	0.8468755298391243	0.7743248626905125
Negative Regulation Of Protein Metabolic Process (GO:0051248)	147	14350	1	15	GZMB	6.507936507936508	0.14317944275285582	0.1684827063428002	0.8441193321670374	0.773444670017181
Defense Response To Symbiont (GO:0140546)	148	14350	1	15	PRF1	6.463963963963963	0.1440843437145335	0.1688198533650972	0.8413832073038956	0.7725764812891586
Positive Regulation Of Response To External Stimulus (GO:0032103)	155	14350	1	15	IFNG	6.172043010752688	0.1503937192803254	0.17545933916037967	0.8227703003058977	0.7558235106752844
Response To Lipopolysaccharide (GO:0032496)	159	14350	1	15	CXCL13	6.016771488469601	0.153979559605783	0.17887838201012238	0.8125369268232763	0.7474421420542564
Regulation Of Cytokine Production (GO:0001817)	167	14350	1	15	IFNG	5.728542914171657	0.16110890381821255	0.18636750314564418	0.792880457270028	0.7296298131993786
Brain Development (GO:0007420)	169	14350	1	15	EOMES	5.660749506903353	0.16288245743898921	0.18762409654364579	0.7881256870094596	0.7267113859788075
Regulation Of Neuron Projection Development (GO:0010975)	174	14350	1	15	TOX	5.498084291187739	0.16730104256169515	0.1911011908759112	0.7765013526575668	0.7187366065649484
Positive Regulation Of Cellular Biosynthetic Process (GO:0031328)	174	14350	1	15	IFNG	5.498084291187739	0.16730104256169515	0.1919041370560621	0.7765013526575668	0.7169156626733227
Defense Response To Virus (GO:0051607)	189	14350	1	15	PRF1	5.061728395061729	0.1804265427715846	0.20523519240267749	0.7436995724964688	0.6877481671673188
Negative Regulation Of Transcription By RNA Polymerase II (GO:0000122)	763	14350	2	15	EOMES;IFNG	2.507645259938838	0.18815470540202103	0.21313790279979977	0.7254849163046261	0.6713393118387384
Regulation Of Translation (GO:0006417)	202	14350	1	15	GZMB	4.735973597359735	0.19164552047020367	0.2161951532577091	0.7175013275069848	0.66515404644666
Defense Response To Bacterium (GO:0042742)	204	14350	1	15	CXCL13	4.689542483660131	0.19335874036429515	0.2172301897919859	0.7136361918030214	0.6630798183605776
Regulation Of Angiogenesis (GO:0045765)	205	14350	1	15	CXCL13	4.666666666666667	0.19421407889777006	0.21729689975037386	0.7117192905660857	0.6629464698640591
Negative Regulation Of Cell Differentiation (GO:0045596)	207	14350	1	15	IFNG	4.6215780998389695	0.19592221703137147	0.21831332754924251	0.7079163134333469	0.6609197507571233
Positive Regulation Of Protein Modification Process (GO:0031401)	225	14350	1	15	IFNG	4.2518518518518515	0.21114410069535028	0.2343184532106936	0.6754210481308441	0.6301935081934672
Cellular Response To Lipid (GO:0071396)	228	14350	1	15	CXCL13	4.195906432748537	0.21365477959125162	0.23614475639033072	0.670287387298513	0.6268216935174227
Negative Regulation Of Multicellular Organismal Process (GO:0051241)	231	14350	1	15	IFNG	4.141414141414141	0.21615799892006596	0.23794811977894356	0.6652286887790942	0.6235177225645544
Positive Regulation Of GTPase Activity (GO:0043547)	234	14350	1	15	CXCL13	4.088319088319088	0.21865377926644802	0.23972884232827432	0.6602430118001236	0.6202797118551039
Regulation Of Autophagy (GO:0010506)	241	14350	1	15	IFNG	3.9695712309820195	0.22444845260251386	0.2441212253405828	0.6488833843746299	0.612394458814912
Regulation Of Inflammatory Response (GO:0050727)	240	14350	1	15	IFNG	3.986111111111111	0.2236231050884336	0.2441964307565695	0.6504833264832567	0.6122606881145383
Cytokine-Mediated Signaling Pathway (GO:0019221)	257	14350	1	15	CXCL13	3.722438391699092	0.23754314437786178	0.25733840640935024	0.6242574990348339	0.589495392775622
Positive Regulation Of Apoptotic Process (GO:0043065)	270	14350	1	15	CTLA4	3.5432098765432096	0.2480303243869981	0.26763746465474497	0.6054952187349223	0.5724530928699841
Positive Regulation Of Cell Migration (GO:0030335)	272	14350	1	15	IFNG	3.517156862745098	0.24963173589374332	0.2683049759802832	0.6027002032548812	0.5713712728340632
Transmembrane Receptor Protein Tyrosine Kinase Signaling Pathway (GO:0007169)	284	14350	1	15	CD8A	3.368544600938967	0.2591735569212519	0.2763843009355538	0.5864093109380824	0.5584866292091758
Central Nervous System Development (GO:0007417)	283	14350	1	15	EOMES	3.380447585394582	0.25838275158064694	0.2766215340451632	0.5877364811698694	0.5581140145630685
Gene Expression (GO:0010467)	296	14350	1	15	GZMB	3.2319819819819817	0.2686020352385975	0.2853243409343857	0.5708907009392933	0.5446611772298317
Cellular Response To Cytokine Stimulus (GO:0071345)	308	14350	1	15	TCF7	3.106060606060606	0.27791842208483347	0.2940764698804633	0.5560826646489739	0.5315397235714481
Protein Transport (GO:0015031)	313	14350	1	15	PRF1	3.0564430244941425	0.28176746227386457	0.2969981359102897	0.5501091594551388	0.5272462764956346
Proteolysis (GO:0006508)	330	14350	1	15	GZMB	2.8989898989898992	0.294711439535928	0.3094470115127244	0.5306030062236878	0.5094137071537498
Positive Regulation Of Macromolecule Metabolic Process (GO:0010604)	364	14350	1	15	IFNG	2.628205128205128	0.31994884673290064	0.33465913853671214	0.4949194509221133	0.47539731121963824
Negative Regulation Of Cell Population Proliferation (GO:0008285)	379	14350	1	15	IFNG	2.5241864555848728	0.33081282416629737	0.34470191220381363	0.4804176630955953	0.4625563073745848
DNA Damage Response (GO:0006974)	384	14350	1	15	CTLA4	2.491319444444444	0.3343980033323432	0.3471127563107593	0.4757363243679924	0.45952942581699424
Positive Regulation Of Multicellular Organismal Process (GO:0051240)	387	14350	1	15	IFNG	2.4720068906115418	0.33654049739008196	0.34801346889201656	0.47296266774076634	0.4584039475698414
Cellular Response To Oxygen-Containing Compound (GO:1901701)	406	14350	1	15	CXCL13	2.3563218390804597	0.3499608602122961	0.3605257163696484	0.45598052463352506	0.4430637515295769
Regulation Of Nucleic Acid-Templated Transcription (GO:1903506)	452	14350	1	15	TCF7	2.116519174041298	0.3814103149016193	0.3914474284516619	0.4186075660244671	0.40732655561477804
Negative Regulation Of Nucleic Acid-Templated Transcription (GO:1903507)	456	14350	1	15	IFNG	2.0979532163742687	0.3840768374498806	0.39270777761729364	0.4155818830744049	0.40593049739822407
Positive Regulation Of Gene Expression (GO:0010628)	480	14350	1	15	IFNG	1.9930555555555556	0.39985201606178367	0.40731194173457813	0.39810070991981944	0.39007285690785226
Positive Regulation Of Nucleic Acid-Templated Transcription (GO:1903508)	557	14350	1	15	EOMES	1.7175344105326154	0.44795546898574484	0.45461651685170384	0.34876515683891196	0.34235478980056394
Positive Regulation Of Cellular Process (GO:0048522)	594	14350	1	15	IFNG	1.6105499438832773	0.4697670930171284	0.47498672738398534	0.32811740863464967	0.32331852575288095
Regulation Of Apoptotic Process (GO:0042981)	705	14350	1	15	CTLA4	1.3569739952718676	0.5304733105362027	0.5343882427172817	0.2753364616748663	0.272143105508516
Regulation Of Cell Population Proliferation (GO:0042127)	766	14350	1	15	IFNG	1.2489120974760661	0.5610073393416773	0.5630698663245512	0.25103145707763275	0.24943771407107537
Positive Regulation Of Transcription By RNA Polymerase II (GO:0045944)	938	14350	1	15	EOMES	1.0199004975124377	0.6374213265155931	0.6374213265155931	0.19557341021732666	0.19557341021732666
