leiden_cluster,n_cells,broad_label,broad_runner_up,broad_top_score,broad_margin,t_state,t_state_runner_up,t_state_top_score,t_state_margin,broad_T_cell_score,broad_NK_cell_score,broad_B_cell_score,broad_plasma_cell_score,broad_myeloid_score,broad_dendritic_score,t_state_naive_memory_score,t_state_cytotoxic_score,t_state_exhaustion_score,t_state_regulatory_score,t_state_cycling_score,t_state_interferon_score,t_state_activation_score
0,368,T_cell,NK_cell,0.5649752424391984,0.3075881151435865,cytotoxic,activation,0.4187485553498304,0.406523088547886,0.5649752424391984,0.25738712729561186,-0.46826387224885146,-0.16241999293296022,-0.5260617355855,-0.29518111834627214,-0.12179289441651883,0.4187485553498304,-0.17417869253418772,-0.0826428885864694,-0.30084654072796696,-0.48759725540506926,0.012225466801944416
1,569,T_cell,dendritic,0.5035502362008816,0.7987313545471537,naive_memory,activation,0.44095107405680534,0.16552706363999248,0.5035502362008816,-0.419906887052483,-0.4843613765941418,-0.16241999293296022,-0.5048370598312566,-0.29518111834627214,0.44095107405680534,-0.41041925580457256,-0.17417869253418772,-0.0826428885864694,-0.30084654072796696,-0.16681871586448527,0.27542401041681286
2,348,B_cell,dendritic,1.9145824896108738,2.209763607957146,not_applicable,,,,-0.8215704544117792,-0.419906887052483,1.9145824896108738,-0.16241999293296022,-0.43688666775324736,-0.29518111834627214,-0.23146139707508123,-0.41041925580457256,-0.17417869253418772,-0.0826428885864694,-0.30084654072796696,-0.48759725540506926,0.007909142459574392
3,246,myeloid,NK_cell,1.624428276354613,1.3124535383126,not_applicable,,,,-0.8215704544117792,0.311974738042013,0.25444463077284873,-0.16241999293296022,1.624428276354613,0.29632593563458465,-0.4982737594618325,-0.2562506658303335,-0.17417869253418772,-0.0826428885864694,0.10399785916719742,0.43238701307979177,-0.2409187541756494
4,151,NK_cell,T_cell,2.387642591904651,2.066989081330101,not_applicable,,,,0.3206535105745501,2.387642591904651,-0.4265460044851105,-0.16241999293296022,0.2059857383875509,-0.29518111834627214,-0.7094765629865324,2.7390573869752717,0.46576193663042725,-0.0826428885864694,0.11085297220512405,-0.07070523750760527,-0.1607912417242547
5,548,T_cell,dendritic,0.4482120033376358,0.7433931216839079,naive_memory,activation,0.5102911306861548,0.388022478035238,0.4482120033376358,-0.419906887052483,-0.5440325444301826,-0.16241999293296022,-0.5346130636912969,-0.29518111834627214,0.5102911306861548,-0.41041925580457256,-0.17417869253418772,-0.0826428885864694,-0.30084654072796696,-0.48759725540506926,0.12226865265091684
6,405,myeloid,dendritic,1.3680435446582813,1.0811493489022008,not_applicable,,,,-0.8215704544117792,-0.419906887052483,0.12069706293616975,-0.16241999293296022,1.3680435446582813,0.28689419575608044,-0.7094765629865324,-0.41041925580457256,-0.17417869253418772,-0.0826428885864694,-0.30084654072796696,0.0243158003003352,-0.14252286569133304
7,53,dendritic,myeloid,2.1418690387594634,1.461158331707761,not_applicable,,,,-0.8215704544117792,-0.22186495927943703,0.5966602618727717,-0.16241999293296022,0.6807107070517024,2.1418690387594634,-0.4437602704063373,-0.25198571358613575,-0.17417869253418772,-0.0826428885864694,0.31543685513248276,0.2245701743977734,-0.1876832194522758
8,12,dendritic,NK_cell,0.08777779183877174,0.5076846788912548,not_applicable,,,,-0.8215704544117792,-0.419906887052483,-0.422785417938506,-0.16241999293296022,-0.7721183720959024,0.08777779183877174,-0.7094765629865324,-0.41041925580457256,-0.17417869253418772,-0.0826428885864694,0.2082241727503683,-0.48759725540506926,-1.024908526928302
